date,wti,brent,dxy,us10y,cpi,payroll,geopolitical_risk,institution_score,wti_return,brent_return,usd_return,us10y_change,cpi_surprise_proxy,payroll_momentum,momentum_5d,target_next_return
2024-09-04,72.74456883167008,75.89947579041481,101.20661167061776,3.9891686269769853,319.92748073851135,159005.5566165769,0.0,0.0,,,,,,,,-0.005883981728131538
2024-09-05,72.31779790528776,75.44912436227057,101.60491792608252,3.9891686269769853,319.92748073851135,159005.5566165769,0.0,0.0,-0.005883981728131538,-0.005951198185576878,0.003927851324293741,0.0,,,,0.04610462031859974
2024-09-06,75.7300381296649,77.155264782441,101.07930352458483,3.978192425092531,319.94612510606635,158999.2070432551,0.0,0.0,0.04610462031859974,0.022361237732053674,-0.005186546599425412,-0.010976201884454362,,,,0.0
2024-09-07,75.7300381296649,77.155264782441,101.07930352458483,3.978192425092531,319.94612510606635,158999.2070432551,0.0,0.0,0.0,0.0,0.0,0.0,,,,0.0
2024-09-08,75.7300381296649,77.155264782441,101.07930352458483,3.978192425092531,319.94612510606635,158999.2070432551,0.0,0.0,0.0,0.0,0.0,0.0,,,,-0.023406465317910907
2024-09-09,73.97804953548365,77.39781987329832,101.68872102795493,3.958263875750969,319.82150139476875,158983.89849948123,0.0,0.0,-0.023406465317910907,0.0031387958452739895,0.00601100039985436,-0.01992854934156174,,,0.01681417327255743,0.0033305998518704527
2024-09-10,74.22485158760155,77.71351396073636,101.15512477019809,3.870093834787231,319.81007785295805,158968.2732483344,0.0,0.0,0.0033305998518704527,0.004070553911696528,-0.005261165173428672,-0.08817004096373804,,,0.02602875485255874,0.003131964402440346
2024-09-11,74.45768560414979,77.49035461266247,101.61691350104047,3.948584475458594,319.80640605696925,158998.7641291987,0.0,0.0,0.003131964402440346,-0.002875695095903019,0.004554765372293268,0.07849064067136302,,,-0.016943901063600185,-0.0062755744535705205
2024-09-12,73.99188396963417,77.38292423112723,101.76593346048506,3.9670031529946463,319.6665751952921,158963.0869656062,0.0,0.0,-0.0062755744535705205,-0.0013873329158924363,0.001465413512874214,0.018418677536052197,,,-0.023219475517170112,-0.003211605604875878
2024-09-13,73.75463240351753,78.59736456989525,102.43581450885216,3.96867577009173,319.54429209346614,158969.44962031004,0.0,0.0,-0.003211605604875878,0.015572030140695858,0.006560996250418505,0.0016726170970837728,,,-0.02643108112204585,0.0
2024-09-14,73.75463240351753,78.59736456989525,102.43581450885216,3.96867577009173,319.54429209346614,158969.44962031004,0.0,0.0,0.0,0.0,0.0,0.0,,,-0.003024615804135572,0.0
2024-09-15,73.75463240351753,78.59736456989525,102.43581450885216,3.96867577009173,319.54429209346614,158969.44962031004,0.0,0.0,0.0,0.0,0.0,0.0,,,-0.0063552156560056335,0.010678790816323946
2024-09-16,74.54646306690738,78.91439709383911,102.915689105405,4.027124421533243,319.6033828945631,158947.6372098811,0.0,0.0,0.010678790816323946,0.004025514650016326,0.004673698138231153,0.05844865144151257,,,0.0011916107578780525,0.003918671988611067
2024-09-17,74.83915931932714,81.18408034802762,103.18354292161138,4.058274008875204,319.5650594382409,158935.0566730626,0.0,0.0,0.003918671988611067,0.02835548924117859,0.002599271859272889,0.031149587341960938,,,0.011385857200058837,0.011310266843999273
2024-09-18,75.69041507194814,82.08652490027245,103.52944753449042,4.014468331442718,319.5611002116823,158961.4563551885,0.0,0.0,0.011310266843999273,0.011054699542851765,0.00334671696224742,-0.04380567743248598,,,0.025907729648934136,-0.00040201856013766246
2024-09-19,75.65999223594676,81.43488588399782,103.48264931373218,4.038203044089549,319.3781741802551,158926.63270499124,0.0,0.0,-0.00040201856013766246,-0.007970117951393796,-0.00045213030801516396,0.02373471264683147,,,0.025505711088796026,-0.028005399895265626
2024-09-20,73.57049900844538,81.82043792175241,103.7431428760654,4.035963098105976,319.364146042639,158920.94750928076,0.0,0.0,-0.028005399895265626,0.004723310034379757,0.0025141049942618565,-0.0022399459835726887,,,-0.0024996888064696206,0.0
2024-09-21,73.57049900844538,81.82043792175241,103.7431428760654,4.035963098105976,319.364146042639,158920.94750928076,0.0,0.0,0.0,0.0,0.0,0.0,,,-0.013178479622793426,0.0
2024-09-22,73.57049900844538,81.82043792175241,103.7431428760654,4.035963098105976,319.364146042639,158920.94750928076,0.0,0.0,0.0,0.0,0.0,0.0,,,-0.017097151611404276,-0.01860800021804021
2024-09-23,72.21415768343071,81.94225616585516,103.71832426208843,4.0186401413279595,319.26167458622973,158951.22344516832,0.0,0.0,-0.01860800021804021,0.0014877413595391076,-0.00023925998825369277,-0.017322956778016874,,,-0.04701541867344343,-0.014898694467650131
2024-09-24,71.1462360845792,83.69150487349694,103.71732162785375,3.993337888420861,319.1327047702768,158903.1900185941,0.0,0.0,-0.014898694467650131,0.021122671299667495,-9.666942539787726e-06,-0.025302252907098755,,,-0.06151209458095577,-0.0026912111382833004
2024-09-25,70.95502395309678,83.58514383717859,103.33172350807712,3.956318061595915,319.23715974037367,158916.89862120745,0.0,0.0,-0.0026912111382833004,-0.0012716784018786953,-0.003724707499339175,-0.037019826824945756,,,-0.036197905823973635,-0.014663454817442911
2024-09-26,69.92216928090114,82.2013677595752,103.78237774927607,3.9643069217503113,319.13157152332656,158941.15195268946,0.0,0.0,-0.014663454817442911,-0.016693857667700485,0.0043517553818110954,0.00798886015439626,,,-0.05086136064141597,0.043587841611374856
2024-09-27,73.03732396386687,80.55600405423684,103.09501561914794,3.9718332401577987,319.1008823990934,158949.15594344554,0.0,0.0,0.043587841611374856,-0.020219296261798192,-0.0066451403733029935,0.007526318407487409,,,-0.007273519030041029,0.0
2024-09-28,73.03732396386687,80.55600405423684,103.09501561914794,3.9718332401577987,319.1008823990934,158949.15594344554,0.0,0.0,0.0,0.0,0.0,0.0,,,0.011334481187998464,0.0
2024-09-29,73.03732396386687,80.55600405423684,103.09501561914794,3.9718332401577987,319.1008823990934,158949.15594344554,0.0,0.0,0.0,0.0,0.0,0.0,,,0.02623317565564889,0.0025948965140401015
2024-09-30,73.2270943720161,79.75268778132333,102.86054344516644,3.9780908081697315,319.10062780760575,159005.26489102768,0.0,0.0,0.0025948965140401015,-0.01002220138863219,-0.0022769210634168147,0.006257568011932779,,,0.03151928330797266,-0.0053537074955860575
2024-10-01,72.83610548195482,81.76714348995728,102.84187610761748,3.9907802644342953,318.98551746227133,159063.3510835572,0.0,0.0,-0.0053537074955860575,0.02494505040708095,-0.00018149847377380013,0.012689456264563859,,,0.04082903062982842,-0.0003327825939782869
2024-10-02,72.81187092648003,83.30750281257852,102.56596705701958,4.038383056434318,318.98435015393153,159046.50289859672,0.0,0.0,-0.0003327825939782869,0.01866312080437016,-0.0026864525938643524,0.04760279200002282,,,-0.0030915935755247968,0.01908508172144785
2024-10-03,74.21483670722264,84.12750051050202,102.13672009012073,4.085118078339115,319.10906350701333,159028.11495217384,0.0,0.0,0.01908508172144785,0.009794896377933071,-0.004193863813235943,0.04673502190479706,,,0.01599348814592342,0.02634309231655063
2024-10-04,76.19586362817252,82.2759194716681,101.95478330200604,4.100535619362127,319.2039642942973,158986.14965257785,0.0,0.0,0.02634309231655063,-0.02225504091657715,-0.0017828947632265724,0.015417541023011516,,-0.01940696399906301,0.042336580462474405,0.0
2024-10-05,76.19586362817252,82.2759194716681,101.95478330200604,4.100535619362127,319.2039642942973,158986.14965257785,0.0,0.0,0.0,0.0,0.0,0.0,,-0.01940696399906301,0.03974168394843423,0.0
2024-10-06,76.19586362817252,82.2759194716681,101.95478330200604,4.100535619362127,319.2039642942973,158986.14965257785,0.0,0.0,0.0,0.0,0.0,0.0,,-0.013057390677247895,0.04509539144402087,-0.010213384459577313
2024-10-07,75.42160660147594,81.33388357104725,102.71691686456327,4.162525473134354,319.1023550610407,159010.03084261436,0.0,0.0,-0.010213384459577313,-0.011515768536965787,0.007447410506778773,0.061989853772227654,,0.010823799359262922,0.035214789578421654,0.04369213050001086
2024-10-08,78.78998730749994,79.83147604347117,103.52222813182823,4.124083405365052,319.0520196808845,159001.83553089158,0.0,0.0,0.04369213050001086,-0.018644838498942384,0.007809529662138104,-0.038442067769302035,,0.0026284876364807133,0.0598218383569843,-0.022333558156477196
2024-10-09,77.04983081704744,78.3164418577717,103.49212603980558,4.102612483627264,319.10938539864,158954.11574089568,0.0,0.0,-0.022333558156477196,-0.019160296955998746,-0.00029082130420565733,-0.021470921737788196,,-0.02978275858555571,0.011145187883955932,0.016182401571164462
2024-10-10,78.30682528428531,77.64867288890069,103.43271896920807,4.069977966461693,319.13259560390145,158946.06474219778,0.0,0.0,0.016182401571164462,-0.008563107851371932,-0.0005741898439231008,-0.03263451716557153,,-0.022208506136608776,0.027327589455120625,0.024373894278943098
2024-10-11,80.23891822804161,78.41072126795085,103.162622728936,4.049349380755002,319.0361789960096,158941.31532724533,0.0,0.0,0.024373894278943098,0.009766210359845928,-0.0026147384731531886,-0.020628585706690572,,-0.057448801953374644,0.0517014837340632,0.0
2024-10-12,80.23891822804161,78.41072126795085,103.162622728936,4.049349380755002,319.0361789960096,158941.31532724533,0.0,0.0,0.0,0.0,0.0,0.0,,-0.02177163836086402,0.061914868193640706,0.0
2024-10-13,80.23891822804161,78.41072126795085,103.162622728936,4.049349380755002,319.0361789960096,158941.31532724533,0.0,0.0,0.0,0.0,0.0,0.0,,-0.02813429306470789,0.018222737693629608,-0.004196805121095437
2024-10-14,79.90287676859955,75.82649717908038,103.26699732736296,4.0138307717989585,318.9951521744599,158951.25539912467,0.0,0.0,-0.004196805121095437,-0.033512870303182396,0.001011236733304166,-0.03551860895604353,,-0.01819422118537477,0.03635949072901239,0.013778103205897452
2024-10-15,81.01140602993036,74.62536265565635,103.38247806413243,4.028419614022432,319.02034031355754,158955.41117507036,0.0,0.0,0.013778103205897452,-0.015967367162106783,0.001117648603478294,0.014588842223473897,,-0.014038445239682914,0.03395519236374488,0.024389752591558178
2024-10-16,83.01154649633793,75.47768074221585,103.09585644689936,3.9824070156807125,318.92446048204164,158979.56056193385,0.0,0.0,0.024389752591558178,0.011356561834332979,-0.0027762893575564718,-0.04601259834171989,,0.03192335205274867,0.03397105067636085,0.012357498403703815
2024-10-17,84.04372599277649,73.10701089954964,103.2269580620125,3.9728617120009355,318.8850838437515,158992.5386816508,0.0,0.0,0.012357498403703815,-0.03191272274718404,0.0012708399026992723,-0.009545303679777017,,0.05748200858820928,0.04632854908006471,0.02458782760490319
2024-10-18,86.13579293188776,72.17991137895858,102.9368472433412,3.947277890059324,318.99250208609544,159004.66233123816,0.0,0.0,0.02458782760490319,-0.012762499059857824,-0.002814373839594708,-0.02558382194161135,,0.0432059760496486,0.07091637668496745,0.0
2024-10-19,86.13579293188776,72.17991137895858,102.9368472433412,3.947277890059324,318.99250208609544,159004.66233123816,0.0,0.0,0.0,0.0,0.0,0.0,,0.07802962624692009,0.07511318180606243,0.0
2024-10-20,86.13579293188776,72.17991137895858,102.9368472433412,3.947277890059324,318.99250208609544,159004.66233123816,0.0,0.0,0.0,0.0,0.0,0.0,,0.083714821957401,0.06133507860016511,0.010489452257582244
2024-10-21,87.04406553257444,72.94785246036874,103.22791279568956,3.8531150485232573,318.98049121104316,159021.92459664005,0.0,0.0,0.010489452257582244,0.010583064585456547,0.0028236226761384486,-0.09416284153606691,,0.10097708735929337,0.04743477826618927,0.027071140985335695
2024-10-22,89.43263244909005,73.96612588521734,103.520789879619,3.837011883067386,318.9120757296016,159034.0126572733,0.0,0.0,0.027071140985335695,0.01386239407198353,0.002833171633452203,-0.016103165455871427,,0.11306514799254365,0.062148420847820615,0.012235688682372015
2024-10-23,90.53362425834544,73.2871397751293,103.63564680328635,3.8501601950219557,318.9116055609811,159009.6214147479,0.0,0.0,0.012235688682372015,-0.009222083044069684,0.001108890819671693,0.013148311954569891,,0.05839796957958606,0.049796281925290196,-0.00685773186480354
2024-10-24,89.91489291010545,73.3513607286922,103.57432659806328,3.8451296965587796,318.94825969479075,159001.30122142544,0.0,0.0,-0.00685773186480354,0.0008759085430938285,-0.0005918654011347613,-0.0050304984631761585,,0.09811120283135097,0.0429385500604867,0.025965521753239962
2024-10-25,92.28015475844919,74.29246131481797,103.368312594841,3.8137318808444256,318.9792451130738,158988.7240236562,0.0,0.0,0.025965521753239962,0.012748428195562767,-0.0019910258425444027,-0.03139781571435396,,0.07182540244873963,0.06890407181372686,0.0
2024-10-26,92.28015475844919,74.29246131481797,103.368312594841,3.8137318808444256,318.9792451130738,158988.7240236562,0.0,0.0,0.0,0.0,0.0,0.0,,0.04757207096673664,0.05841461955614441,0.0
2024-10-27,92.28015475844919,74.29246131481797,103.368312594841,3.8137318808444256,318.9792451130738,158988.7240236562,0.0,0.0,0.0,0.0,0.0,0.0,,0.03956808021065081,0.03134347857080906,-8.966126394227558e-06
2024-10-28,92.27932736662719,74.3158950721285,103.25917709627012,3.7825844919597427,318.93746737474436,158991.35626356953,0.0,0.0,-8.966126394227558e-06,0.00031537604041265155,-0.0010563503325000667,-0.031147388884682936,,0.04220032012398588,0.01909882376204236,-0.0035840580639785458
2024-10-29,91.94918487756829,75.01027887224697,103.0632522214326,3.759721858648281,318.9465689741313,159028.84196192044,0.0,0.0,-0.0035840580639785458,0.009300295947577197,-0.0018992111946065648,-0.022862633311461877,,0.07968601847489482,0.022372497562866717,0.014665053143871454
2024-10-30,93.30756054128545,76.41331591948808,103.18970059469898,3.7672245209189286,318.9320095958022,159005.32790659924,0.0,0.0,0.014665053143871454,0.018531817349707325,0.001226148643034719,0.007502662270647775,,6.301557156257332e-05,0.011072028953497882,-0.0035716153125529004
2024-10-31,92.97489625733863,75.37892682935434,103.37880572823052,3.764177802162627,319.07569814673985,158959.9375135006,0.0,0.0,-0.0035716153125529004,-0.01362922219639362,0.0018309198214705447,-0.0030467187563014697,,-0.10341357005661121,0.007500413640945035,0.028372278197208445
2024-11-01,95.65058407024108,75.68935690572482,102.83621362660759,3.7729142999031433,319.04955601559686,158935.9254426139,0.0,0.0,0.028372278197208445,0.004109803932871969,-0.005262403829576101,0.008736497740516214,,-0.11057745598282781,0.035872691838153815,0.0
2024-11-02,95.65058407024108,75.68935690572482,102.83621362660759,3.7729142999031433,319.04955601559686,158935.9254426139,0.0,0.0,0.0,0.0,0.0,0.0,,-0.0921895095599466,0.03588165796454818,0.0
2024-11-03,95.65058407024108,75.68935690572482,102.83621362660759,3.7729142999031433,319.04955601559686,158935.9254426139,0.0,0.0,0.0,0.0,0.0,0.0,,-0.05022420996395522,0.03946571602852717,-0.015969207729023438
2024-11-04,94.13525155631608,75.80077107282143,102.63576516451882,3.7755658832377277,318.9917328118919,158906.1848441108,0.0,0.0,-0.015969207729023438,0.001470910199509845,-0.001951103277995081,0.002651583334584373,,-0.07996480846704798,0.008831455155632155,0.018429510926678105
2024-11-05,95.88620323652876,76.06950109524826,102.74210670905087,3.7842237842434643,319.16744773445646,158898.76112872927,0.0,0.0,0.018429510926678105,0.0035389454309662227,0.001035569733637054,0.008657901005736601,,-0.08738852384858183,0.030832581394863653,-0.02485319283876919
2024-11-06,93.53249467550296,76.01565438328313,102.54183765472345,3.7889216057197888,319.35014453936753,158915.04329185365,0.0,0.0,-0.02485319283876919,-0.0007081126891801404,-0.0019511425356011358,0.004697821476324471,,-0.09498755076070665,-0.02239288964111438,-0.003770385992291736
2024-11-07,93.18050505310991,75.63000967577155,102.89142845050029,3.816375500890168,319.35790872192524,158896.8094215208,0.0,0.0,-0.003770385992291736,-0.005086139999477268,0.003403452029568932,0.027453895170379106,,-0.10502610937078134,-0.026163275633406133,-0.012714258773191212
2024-11-08,92.00328360664415,76.66800532206038,102.83345661515492,3.795596083084384,319.43232591900914,158920.5576939414,0.0,0.0,-0.012714258773191212,0.013631323021617625,-0.000563586042217068,-0.02077941780578385,,-0.033558046954276506,-0.0388775344065975,0.0
2024-11-09,92.00328360664415,76.66800532206038,102.83345661515492,3.795596083084384,319.43232591900914,158920.5576939414,0.0,0.0,0.0,0.0,0.0,0.0,,-0.025507048256375127,-0.022908326677573775,0.0
2024-11-10,92.00328360664415,76.66800532206038,102.83345661515492,3.795596083084384,319.43232591900914,158920.5576939414,0.0,0.0,0.0,0.0,0.0,0.0,,-0.02075763330393238,-0.04133783760425236,0.015514380796807004
2024-11-11,93.44178747809768,74.67645017975929,102.78056775969975,3.8099919610082424,319.35950280763154,158923.78764027782,0.0,0.0,0.015514380796807004,-0.02631969702861614,-0.0005144479495733378,0.014395877923858436,,-0.017527686967514455,-0.000970263968675967,-0.013870840864797174
2024-11-12,92.15461900594775,74.94719637491957,103.51910960322158,3.845444920916524,319.5321829982483,158958.89890847213,0.0,0.0,-0.013870840864797174,0.0036190334469266006,0.00715992393242626,0.03545295990828157,,0.017583581226790556,-0.011070718841181427,0.012036205459954985
2024-11-13,93.27051302762484,73.25863064852129,103.10084560536711,3.851961304192946,319.5074066761123,158953.51314136633,0.0,0.0,0.012036205459954985,-0.02278775173388503,-0.00404863672302902,0.006516383276422122,,0.002257742241665255,0.013679745391964529,-0.028437439745066406
2024-11-14,90.65549684132985,72.49123597259114,102.78188659585669,3.8393901756308804,319.61083133173844,158952.3871940479,0.0,0.0,-0.028437439745066406,-0.01053039409260137,-0.0030984557206794605,-0.01257112856206577,,-0.00302398102247389,-0.01475769435310191,0.001383949228705994
2024-11-15,90.78104630326303,73.78924137863946,102.06743097816607,3.8392854401595637,319.7471920924749,158970.26949809858,0.0,0.0,0.001383949228705994,0.017747268785133663,-0.006975454183455021,-0.00010473547131661931,,-0.009291063835262322,-0.013373745124395289,0.0
2024-11-16,90.78104630326303,73.78924137863946,102.06743097816607,3.8392854401595637,319.7471920924749,158970.26949809858,0.0,0.0,0.0,0.0,0.0,0.0,,-0.02226918355221278,-0.028888125921202334,0.0
2024-11-17,90.78104630326303,73.78924137863946,102.06743097816607,3.8392854401595637,319.7471920924749,158970.26949809858,0.0,0.0,0.0,0.0,0.0,0.0,,-0.03439283313957276,-0.015017285056405217,0.008891254236059964
2024-11-18,91.59180264499199,73.06919737002303,101.92314928424653,3.840791031213631,319.7095530571058,158989.13653794528,0.0,0.0,0.008891254236059964,-0.009806038857543165,-0.001414591965901657,0.0015055910540673345,,-0.015525793292879826,-0.018162236280299966,0.010583359321484131
2024-11-19,92.56629923115774,71.04330871837233,102.17162958215684,3.869388648420272,319.67295963655664,158998.50860298154,0.0,0.0,0.010583359321484131,-0.028117228317738885,0.0024349512717591892,0.02859761720664089,,-0.006153728256613249,0.020858562786250267,0.00016068589819706602
2024-11-20,92.58117452518546,70.99728011506788,102.33550189731062,3.8419172402481268,319.63230601270124,159004.361819458,0.0,0.0,0.00016068589819706602,-0.0006481049577962139,0.001602607684550783,-0.027471408172145217,,-0.0175627771820582,0.019635299455740766,-0.016895351454848218
2024-11-21,91.03012272199379,70.94225332912505,102.10298914663568,3.8429625191471084,319.64258330900674,158980.94836660117,0.0,0.0,-0.016895351454848218,-0.000775355355401075,-0.002274648474853258,0.0010452788989816497,,-0.05306429067213321,0.00273994800089243,-0.007168083568942052
2024-11-22,90.3799442457798,69.5555856704127,101.41161516843243,3.784540303201349,319.69746422292485,158973.52481944914,0.0,0.0,-0.007168083568942052,-0.019739985988663555,-0.006794368789520888,-0.05842221594575925,,-0.0360965952987608,-0.004428135568049324,0.0
2024-11-23,90.3799442457798,69.5555856704127,101.41161516843243,3.784540303201349,319.69746422292485,158973.52481944914,0.0,0.0,0.0,0.0,0.0,0.0,,-0.027776401976298076,-0.013319389804109145,0.0
2024-11-24,90.3799442457798,69.5555856704127,101.41161516843243,3.784540303201349,319.69746422292485,158973.52481944914,0.0,0.0,0.0,0.0,0.0,0.0,,-0.01519920420704875,-0.023902749125592957,-0.00548259452840405
2024-11-25,89.88578353720318,67.73575490653839,100.61554653297894,3.792936791883767,319.72668985832564,158973.17603450126,0.0,0.0,-0.00548259452840405,-0.0265120487549364,-0.007880848782075844,0.008396488682417935,,-0.015547989154933021,-0.02954602955219443,0.010123559981841446
2024-11-26,90.8003692791236,67.3132288780325,100.71887538390718,3.805524378570387,319.8313282326742,158972.07178361184,0.0,0.0,0.010123559981841446,-0.006257394840465835,0.0010264400793120743,0.012587586686620078,,-0.016652240044350036,-0.00252711811550427,0.008411751686608682
2024-11-27,91.56738087142877,67.87281695959759,101.00771618399779,3.826111725313576,320.00422428443426,158982.7039281208,0.0,0.0,0.008411751686608682,0.008278831949419363,0.0028636878781052033,0.02058734674318874,,-0.00865233544871444,0.013052717140046377,0.028108201542420552
2024-11-28,94.17768894187917,68.3274382929836,100.2860174247417,3.827696238850989,319.9401680070844,158955.8371383486,0.0,0.0,0.028108201542420552,0.006675802786749507,-0.007170634064691761,0.0015845135374132902,,-0.07300482357182773,0.04116091868246684,-0.00227598144763963
2024-11-29,93.96358600864058,68.80933513534804,100.60347507267616,3.851330860842741,319.9197759951021,158956.57324000026,0.0,0.0,-0.00227598144763963,0.0070280029759519635,0.003160522815228717,0.023634621991751814,,-0.04875466659897938,0.03888493723482732,0.0
2024-11-30,93.96358600864058,68.80933513534804,100.60347507267616,3.851330860842741,319.9197759951021,158956.57324000026,0.0,0.0,0.0,0.0,0.0,0.0,,-0.003364273500337731,0.04436753176323181,0.0
2024-12-01,93.96358600864058,68.80933513534804,100.60347507267616,3.851330860842741,319.9197759951021,158956.57324000026,0.0,0.0,0.0,0.0,0.0,0.0,,0.02064779738636571,0.0342439717813898,0.0026270513660824335
2024-12-02,94.21075769983857,67.57875611029228,100.58055951110116,3.8299808886602538,320.0691706133202,158988.80364351886,0.0,0.0,0.0026270513660824335,-0.018045745905897803,-0.00022780696014468305,-0.021349972182487242,,0.052878200904960974,0.02845927146086348,0.003524546934431605
2024-12-03,94.54339378848758,67.25009076207697,100.70605361886567,3.8356652740548753,320.2392957764849,158987.12217717402,0.0,0.0,0.003524546934431605,-0.004875306832811788,0.0012469197238011986,0.005684385394621572,,0.0511967345601297,0.0038756168528742384,0.008426052349547852
2024-12-04,95.34338703315443,67.13492995344039,100.70988322284148,3.835606197687517,320.14669282886314,158973.25579223013,0.0,0.0,0.008426052349547852,-0.0017138939476009085,3.802682187181716e-05,-5.907636735846822e-05,,0.06707094811933348,0.01457765065006187,0.016802270330079416
2024-12-05,96.95890658729543,66.94426649566901,100.54770186865935,3.9205010264535494,320.0806266805316,158957.98858246347,0.0,0.0,0.016802270330079416,-0.002844044286322678,-0.0016116797706189345,0.08489482876603249,,0.059227453734201845,0.03137992098014077,0.005783452047232629
2024-12-06,97.52128846083434,65.6301174166956,100.60357176536935,3.8806250519089387,320.2761939828163,158952.4025239448,0.0,0.0,0.005783452047232629,-0.019825732314565414,0.0005555013113998086,-0.03987597454461067,,0.03735923209114116,0.03716337302737348,0.0
2024-12-07,97.52128846083434,65.6301174166956,100.60357176536935,3.8806250519089387,320.2761939828163,158952.4025239448,0.0,0.0,0.0,0.0,0.0,0.0,0.0020467106578981654,0.055593102423998064,0.034536321661291086,0.0
2024-12-08,97.52128846083434,65.6301174166956,100.60357176536935,3.8806250519089387,320.2761939828163,158952.4025239448,0.0,0.0,0.0,0.0,0.0,0.0,0.0017142392649497351,0.031844830003392416,0.03101177472685981,0.03488996200728778
2024-12-09,100.98385568540053,65.9928311052686,101.36176851723465,3.869476586271898,320.2776281228174,158946.95993086827,0.0,0.0,0.03488996200728778,0.005511418955235214,0.007508222080531368,-0.01114846563704086,0.0016423821477569156,0.026402236926864133,0.05747568438459971,0.0026758938419897405
2024-12-10,101.25443962846532,66.90578947619234,101.34548884844808,3.8902461475111645,320.2544902290192,158959.6117335746,0.0,0.0,0.0026758938419897405,0.013739386135622311,-0.00016062245657177954,0.020769561239266654,0.0015202941047113283,0.03905403963319259,0.043349307896509925,0.03088725995751851
2024-12-11,104.43071249425346,66.43931252362462,101.73147167357934,3.886249366325319,320.27592999569003,158976.61107471242,0.0,0.0,0.03088725995751851,-0.006996565280348754,0.003801349881690008,-0.003996781185845677,0.0017213005494487207,0.05282343443459831,0.06845311580679647,-0.0030792459389523685
2024-12-12,104.10963923236723,66.88695866768282,101.56674756436566,3.847985025471166,320.2866499861835,158994.30255571732,0.0,0.0,-0.0030792459389523685,0.006715073063541688,-0.0016205173452021882,-0.038264340854152756,0.001095393277104262,0.035403647245198955,0.06537386986784323,0.002589822014219756
2024-12-13,104.37961411048765,65.33933241904701,101.35714282273096,3.8112093605478634,320.35882870403236,159013.31535306064,0.0,0.0,0.002589822014219756,-0.0234098213410876,-0.0020658466164764633,-0.03677566492330264,0.0012823653501216564,0.05980221169430297,0.06796369188206383,0.0
2024-12-14,104.37961411048765,65.33933241904701,101.35714282273096,3.8112093605478634,320.35882870403236,159013.31535306064,0.0,0.0,0.0,0.0,0.0,0.0,0.0008606885739890398,0.060928159012750255,0.03307372987477578,0.0
2024-12-15,104.37961411048765,65.33933241904701,101.35714282273096,3.8112093605478634,320.35882870403236,159013.31535306064,0.0,0.0,0.0,0.0,0.0,0.0,0.00036522248818549887,0.04304585496205254,0.030397836032786476,0.02799514598530628
2024-12-16,107.34302364692049,64.6580299626862,101.05750499043984,3.7818858547270477,320.44940189567774,159023.0485763116,0.0,0.0,0.02799514598530628,-0.010481884889871118,-0.0029606360448504176,-0.029323505820815665,0.0005613676152358416,0.05277907821300323,0.027505722060572977,0.018469418895086243
2024-12-17,109.34400854939078,64.72413763163402,101.34806746212921,3.7789731376517994,320.49733684950905,159014.7292791441,0.0,0.0,0.018469418895086243,0.0010218977766394133,0.002871093594559504,-0.0029127170752483167,0.0006249504618383325,0.04445978104553069,0.04905438689461301,-0.019308033842706074
2024-12-18,107.25304191805236,64.99002807867686,100.89999213705178,3.8057491287357563,320.4876443344047,159043.38422134795,0.0,0.0,-0.019308033842706074,0.004099641978035251,-0.004430955323551089,0.026775991083956896,0.0006030926704823081,0.05424768340267474,0.027156531037685578,-0.03761919999896168
2024-12-19,103.2932179737129,64.12903848662216,100.57705689398551,3.820309206304812,320.42190296225505,159029.7569619494,0.0,0.0,-0.03761919999896168,-0.013336564095512315,-0.003205680460081517,0.01456007756905553,0.00042504837320750713,0.031248358967859532,-0.010462668961276001,-0.011819996431196245
2024-12-20,102.0794798273239,63.857673993178736,100.48823591344026,3.780785178116609,320.33961412653935,158996.9082164706,0.0,0.0,-0.011819996431196245,-0.00424051676654269,-0.0008835039114183374,-0.039524028188203,0.00023194147320550022,-0.0074536029873997905,-0.022282665392472104,0.0
2024-12-21,102.0794798273239,63.857673993178736,100.48823591344026,3.780785178116609,320.33961412653935,158996.9082164706,0.0,0.0,0.0,0.0,0.0,0.0,0.00014321954898937868,0.015959849869424943,-0.05027781137777774,0.0
2024-12-22,102.0794798273239,63.857673993178736,100.48823591344026,3.780785178116609,320.33961412653935,158996.9082164706,0.0,0.0,0.0,0.0,0.0,0.0,-9.576563702526917e-05,0.02338339702144731,-0.06874723027286452,-0.0030114646546035573
2024-12-23,101.77253349285478,63.57240999820307,100.60263406810044,3.743932467074619,320.3744947614319,159001.17422306174,0.0,0.0,-0.0030114646546035573,-0.004477191924481261,0.0011377758424506723,-0.03685271104198984,-7.174415890267476e-05,0.02764940361259505,-0.052450661084761006,-0.015427203806829937
2024-12-24,100.21451669839864,63.66708424581328,100.57596492350555,3.74168217220376,320.417796430297,159019.73299874284,0.0,0.0,-0.015427203806829937,0.0014881270260342916,-0.00026512904339526244,-0.0022502948708589265,-4.881990886248903e-06,0.04620817929369514,-0.030258664892629628,-0.0056615848025654
2024-12-25,99.64874680202938,63.22276556855645,100.97212872533346,3.7541069507274645,320.4634562622641,159006.15263998116,0.0,0.0,-0.0056615848025654,-0.007003247208350771,0.003931213685658186,0.012424778523704383,-3.696612200787541e-05,0.03297660547989653,-0.02410025326399889,0.01189907483367314
2024-12-26,100.84155729402588,61.59637246540654,101.20725792083611,3.7135874930166506,320.54703088954926,159017.87816032043,0.0,0.0,0.01189907483367314,-0.0260614707265443,0.002325947322402655,-0.04051945771081389,-0.00019485472324861286,0.04580637670858414,-0.01220117843032521,-0.016427806397129707
2024-12-27,99.1984847047646,61.47567211648427,101.49468413305486,3.666040428613285,320.6959781579166,159025.5111407781,0.0,0.0,-0.016427806397129707,-0.0019614590466918713,0.0028359511699260764,-0.047547064403365535,-0.0003735472970298483,0.04280721265729517,-0.028628984827454948,0.0
2024-12-28,99.1984847047646,61.47567211648427,101.49468413305486,3.666040428613285,320.6959781579166,159025.5111407781,0.0,0.0,0.0,0.0,0.0,0.0,-0.00026765003023345195,0.06967400242949952,-0.02561752017285175,0.0
2024-12-29,99.1984847047646,61.47567211648427,101.49468413305486,3.666040428613285,320.6959781579166,159025.5111407781,0.0,0.0,0.0,0.0,0.0,0.0,-0.00029151853582614577,0.06893790077784798,-0.0101903163660214,-0.003073490402845991
2024-12-30,98.8940671658757,60.05730227460674,101.42188259163912,3.6460486270346713,320.8013703682983,159044.2998720595,0.0,0.0,-0.003073490402845991,-0.02334237683652507,-0.000717551511091763,-0.0199918015786138,-6.832917333284222e-05,0.08772663205923163,-0.007602221966302657,0.007154471863902501
2024-12-31,99.60413905275213,60.18518782641282,100.65028616241409,3.6287748008540848,320.8877348311071,159048.67809446322,0.0,0.0,0.007154471863902501,0.0021271282708577033,-0.007636877300416067,-0.017273826180586482,9.324767778682219e-05,0.09210485446295934,-0.012346824936073794,-0.001870096257280629
2025-01-01,99.41804378736491,58.449248117017405,101.1217074880021,3.6226939332347063,320.9550804197307,159016.8849021115,0.0,0.0,-0.001870096257280629,-0.029267448504350035,0.004672820790033505,-0.006080867619378427,-0.0002595965911649828,0.028081258592632365,0.002210885203775831,0.011888170530989228
2025-01-02,100.60699567445079,58.40619618692403,101.27349719252541,3.6418196609017275,320.95187866613225,159048.37948181754,0.0,0.0,0.011888170530989228,-0.0007368408429346829,0.0014999340841193032,0.019125727667021142,-0.0009523492576622773,0.06125730464351364,0.014099055734764363,0.023511265100615297
2025-01-03,103.00041937836497,58.64735438682826,100.8699888433111,3.6075579313137216,320.78437723313607,159059.2513409584,0.0,0.0,0.023511265100615297,0.004120482290852934,-0.003992301637508966,-0.034261729588005885,-0.0013278532743262444,0.08599554872827139,0.037610320835379935,0.0
2025-01-04,103.00041937836497,58.64735438682826,100.8699888433111,3.6075579313137216,320.78437723313607,159059.2513409584,0.0,0.0,0.0,0.0,0.0,0.0,-0.0012720613944390796,0.10126275849493686,0.0406838112382266,0.0
2025-01-05,103.00041937836497,58.64735438682826,100.8699888433111,3.6075579313137216,320.78437723313607,159059.2513409584,0.0,0.0,0.0,0.0,0.0,0.0,-0.002025340286745355,0.10684881701361156,0.03352933937432392,-0.037549626541578895
2025-01-06,99.20450566945716,58.56462424755347,101.31406055252664,3.6302837814896187,320.8262722985604,159028.35966723078,0.0,0.0,-0.037549626541578895,-0.001411633076700447,0.004392754271370869,0.022725850175897122,-0.00204551026501895,0.07595714328598115,-0.00215019090997451,-0.0027655347147970133
2025-01-07,98.93053118275819,58.42042636978157,101.21376659336018,3.6326246529825768,320.73317924027776,159004.0301297537,0.0,0.0,-0.0027655347147970133,-0.0024652372254383437,-0.0009904216006102473,0.00234087149295803,-0.0024584022171572,0.05162760580889881,-0.01680389615575998,0.013629163482868023
2025-01-08,100.28810182736166,58.23560722589469,101.76563240253773,3.6411250811795575,320.7220038268122,159001.5441195821,0.0,0.0,0.013629163482868023,-0.003168619621711777,0.005437666794899876,0.008500428196980714,-0.002615060586211993,0.05458418871383765,-0.026685997773507535,-0.02761526968644823
2025-01-09,97.55650927280158,58.901290867242885,101.44579301982743,3.6784969569293273,320.711627085115,158978.3978357948,0.0,0.0,-0.02761526968644823,0.01136603100514666,-0.0031478510241429447,0.037371875749769856,-0.0027034628355319112,0.018786102220212344,-0.054301267459956004,-0.048506836423363175
2025-01-10,92.9372891949652,59.39754498828405,101.5506039331522,3.7215561496554206,320.7457411778443,158975.81101494448,0.0,0.0,-0.048506836423363175,0.008389888681531232,0.0010326382557686031,0.043059192726093265,-0.002779061957469183,-0.0008000597679347265,-0.1028081038833192,0.0
2025-01-11,92.9372891949652,59.39754498828405,101.5506039331522,3.7215561496554206,320.7457411778443,158975.81101494448,0.0,0.0,0.0,0.0,0.0,0.0,-0.0029137591944475034,-0.01849154077284038,-0.06525847734174055,0.0
2025-01-12,92.9372891949652,59.39754498828405,101.5506039331522,3.7215561496554206,320.7457411778443,158975.81101494448,0.0,0.0,0.0,0.0,0.0,0.0,-0.003237346865764986,-0.03750433811615221,-0.062492942626943666,0.010539167522686022
2025-01-13,93.9219504959207,61.439978081488434,101.56818088169915,3.7236020736019486,320.70372168235133,158979.18158705268,0.0,0.0,0.010539167522686022,0.03380783674182908,0.00017307063555804802,0.0020459239465280277,-0.0034594328478471693,-0.034133766007958914,-0.06558293858712544,-0.0009207121060299528
2025-01-14,93.83551521618736,59.77881968319781,102.00780673955373,3.7579540303633086,320.7343398682993,158968.09859548954,0.0,0.0,-0.0009207121060299528,-0.02740931977450156,0.004319041222827558,0.034351956761359936,-0.003474233159616821,-0.04521675757109188,-0.03888838100670724,-0.004594551203834563
2025-01-15,93.40537205087715,58.43113416084115,101.49833733507576,3.784870889724605,320.7081566263292,158945.60648007813,0.0,0.0,-0.004594551203834563,-0.02280254534912718,-0.005006929605322341,0.026916859361296286,-0.00393723961874608,-0.07744209623345523,0.005023904212821963,-0.025117627561544786
2025-01-16,91.08847005311158,57.97071490115793,101.28281470591922,3.798636060030137,320.7503446419735,158904.35316313387,0.0,0.0,-0.025117627561544786,-0.007910899432728158,-0.0021256680725985078,0.013765170305532148,-0.004041320032083351,-0.11037611601024401,-0.020093723348723655,-0.03269982073137623
2025-01-17,88.15806636278212,57.65248374395078,102.03238694125709,3.77064775654759,320.7720628379473,158842.29833915277,0.0,0.0,-0.03269982073137623,-0.005504638593245126,0.007373532577843456,-0.027988303482546772,-0.004013448602022647,-0.20108588219518425,-0.05279354408009983,0.0
2025-01-18,88.15806636278212,57.65248374395078,102.03238694125709,3.77064775654759,320.7720628379473,158842.29833915277,0.0,0.0,0.0,0.0,0.0,0.0,-0.003883649236764186,-0.1874586227966356,-0.0633327116027859,0.0
2025-01-19,88.15806636278212,57.65248374395078,102.03238694125709,3.77064775654759,320.7720628379473,158842.29833915277,0.0,0.0,0.0,0.0,0.0,0.0,-0.003711893479033253,-0.1546098773178237,-0.06241199949675571,-0.005256399524220079
2025-01-20,87.69588810563695,56.02896107846014,102.17253040011774,3.768796164373227,320.81498564721244,158800.21288396328,0.0,0.0,-0.005256399524220079,-0.02856460977487263,0.001372576945622761,-0.001851592174363148,-0.0036749843201704675,-0.19669533250731183,-0.06307384781714123,-0.019420670828330877
2025-01-21,86.00920638737875,55.45727418271008,101.82066583867683,3.7592519173679184,320.85421023929786,158827.21810845303,0.0,0.0,-0.019420670828330877,-0.010255829436427888,-0.0034497710402883186,-0.009544247005308648,-0.003643037639996235,-0.1696901080175594,-0.05737689108392651,0.012415493101525676
2025-01-22,87.08370953681097,54.61617494454698,101.14987575677412,3.789188345675875,320.8498194866437,158848.9746871485,0.0,0.0,0.012415493101525676,-0.015282806447070918,-0.006609752516769873,0.029936428307956398,-0.0038348198224681307,-0.15219953591324156,-0.012261577251024705,0.01993658253172992
2025-01-23,88.83728314972441,54.34038414450392,100.40138172607978,3.7704513168689493,320.748131247188,158873.62318098257,0.0,0.0,0.01993658253172992,-0.005062410034709419,-0.007427365931388152,-0.018737028806925515,-0.0043490947430859205,-0.14610981776026893,0.0076750052807052814,-0.022644034007546665
2025-01-24,86.84825350562564,53.651676560456806,100.86215188756525,3.7756928693450194,320.6784927146326,158891.03333039032,0.0,0.0,-0.022644034007546665,-0.012754954699708776,0.004578782437389961,0.005241552476070055,-0.004747483799238772,-0.11511930959083838,-0.014969028726841343,0.0
2025-01-25,86.84825350562564,53.651676560456806,100.86215188756525,3.7756928693450194,320.6784927146326,158891.03333039032,0.0,0.0,0.0,0.0,0.0,0.0,-0.005034890223357702,-0.12684482993010898,-0.009712629202622029,0.0
2025-01-26,86.84825350562564,53.651676560456806,100.86215188756525,3.7756928693450194,320.6784927146326,158891.03333039032,0.0,0.0,0.0,0.0,0.0,0.0,-0.00551486778219743,-0.13447781038779066,0.009708041625709082,-0.012331799351461115
2025-01-27,85.78383485707103,54.940120927430165,101.06344951135638,3.758228003088035,320.7119790618342,158852.8452437846,0.0,0.0,-0.012331799351461115,0.02373116319607993,0.0019937807695420418,-0.01746486625698429,-0.005428330336958709,-0.1726658969935088,-0.015039250827277998,-0.028128224612966157
2025-01-28,83.40450787819378,55.26377532327104,100.85467284106777,3.693675505894457,320.6764023359453,158867.4108349897,0.0,0.0,-0.028128224612966157,0.005873754692616195,-0.0020679346881449234,-0.06455249719357825,-0.005554931672290686,-0.1581003057883936,-0.06310405797197434,-0.030570284278573112
2025-01-29,80.89338676474934,54.11039794867303,101.7817650548434,3.6766938726174874,320.68402808716735,158857.23710949023,0.0,0.0,-0.030570284278573112,-0.02109127037284253,0.00915036497991828,-0.016981633276969443,-0.005837935379785438,-0.18706276256925775,-0.0710303082430007,-0.002007139576836181
2025-01-30,80.73118528163145,53.96725568185193,101.03985691224719,3.6989867155736773,320.70720348283334,158856.37849504309,0.0,0.0,-0.002007139576836181,-0.0026488796843735507,-0.007315900981925694,0.02229284295618994,-0.00600904194819197,-0.19229959942013375,-0.0730374478198368,-0.01689620494777966
2025-01-31,79.37859364042443,53.89308428992318,101.21022045576544,3.6741023982335204,320.7426778187163,158827.7297624249,0.0,0.0,-0.01689620494777966,-0.001375323008244056,0.001684682508194868,-0.024884317340156947,-0.006092287132974805,-0.18915513968659797,-0.08993365276761656,0.0
2025-02-01,79.37859364042443,53.89308428992318,101.21022045576544,3.6741023982335204,320.7426778187163,158827.7297624249,0.0,0.0,0.0,0.0,0.0,0.0,-0.0060766817041444455,-0.22064971939264796,-0.0776018534161551,0.0
2025-02-02,79.37859364042443,53.89308428992318,101.21022045576544,3.6741023982335204,320.7426778187163,158827.7297624249,0.0,0.0,0.0,0.0,0.0,0.0,-0.005572789698015668,-0.23152157853351674,-0.0494736288031888,0.04165508845901744
2025-02-03,82.75494897862828,54.20258055864974,101.42803652255422,3.764803880909735,320.57892795506774,158839.79956632448,0.0,0.0,0.04165508845901744,0.005726355721811238,0.002149802844990667,0.0907014826762147,-0.006065632597443579,-0.2194517746339261,0.022751743934401627,-0.004653388231075972
2025-02-04,82.37075267355274,53.84228245211565,101.48904964675964,3.7889131901222286,320.5659698203207,158848.52967007578,0.0,0.0,-0.004653388231075972,-0.006669441416121469,0.0006013601633645393,0.024109309212493546,-0.00605723042445175,-0.21072167088263086,0.020105495280161804,-0.006874397868930515
2025-02-05,81.80644520624116,54.671585064056984,102.06863796028892,3.724748508254246,320.68593221339563,158820.83339194878,0.0,0.0,-0.006874397868930515,0.01528502811365895,0.005694600745427714,-0.06416468186798241,-0.005767056218644425,-0.2075262752819981,0.030127302359010674,-0.023025471383604668
2025-02-06,79.94433351219399,54.32248828453099,101.9943870805239,3.720834262274568,320.5592353896325,158824.62852029785,0.0,0.0,-0.023025471383604668,-0.00640581570263743,-0.0007277250058113083,-0.003914245979678377,-0.005819932648667306,-0.1794016094558465,0.00710183097540584,0.029525576523116825
2025-02-07,82.33992766885777,54.41183875764277,102.46276887715938,3.6941566575223908,320.5188363367376,158871.41906487747,0.0,0.0,0.029525576523116825,0.001643464316254395,0.004581718979733473,-0.026677604752177064,-0.005858435774974624,-0.13012505470463656,0.036627407498523216,0.0
2025-02-08,82.33992766885777,54.41183875764277,102.46276887715938,3.6941566575223908,320.5188363367376,158871.41906487747,0.0,0.0,0.0,0.0,0.0,0.0,-0.005764427115436573,-0.10697877091733972,-0.005027680960494316,0.0
2025-02-09,82.33992766885777,54.41183875764277,102.46276887715938,3.6941566575223908,320.5188363367376,158871.41906487747,0.0,0.0,0.0,0.0,0.0,0.0,-0.0058131105873573475,-0.10439195006701629,-0.0003742927294181805,-0.006739820300917465
2025-02-10,81.78683731127335,54.68335398835507,102.42486888515747,3.663151411976075,320.4157548533696,158893.69823873768,0.0,0.0,-0.006739820300917465,0.00497759405297904,-0.0003699588013024169,-0.031005245546315674,-0.006048047371155762,-0.0821127762068063,-0.0002397151614048482,0.00047272006571041914
2025-02-11,81.82550873003899,56.37443947557162,102.76975525236485,3.740299874434705,320.2452086968024,158875.08208549218,0.0,0.0,0.00047272006571041914,0.030456506530225802,0.003361556799323928,0.07714846245862983,-0.006473810398795717,-0.10072892945230706,0.023258476287909773,-0.008328363918612247
2025-02-12,81.14686602984199,55.539235780706285,102.70652624249895,3.775937078177009,320.25053681231293,158860.79739328567,0.0,0.0,-0.008328363918612247,-0.014926133005804587,-0.0006154385450392041,0.03563720374230428,-0.00621720467277597,-0.11838419376700768,-0.014595464153819392,-0.010830715693423087
2025-02-13,80.27272970047737,56.270016727167075,103.30854324717592,3.7131818248150092,320.1893392822882,158857.46011048183,0.0,0.0,-0.010830715693423087,0.01307210872735265,0.005844414389369668,-0.06275525336199994,-0.006360265474215029,-0.11063848500771564,-0.02542617984724297,0.01842885183685361
2025-02-14,81.76577928155129,54.669079446171146,103.74309949813714,3.716058954898802,320.05354059468397,158848.01865656162,0.0,0.0,0.01842885183685361,-0.028863556318746042,0.004197570067621115,0.002877130083792867,-0.006543565248088494,-0.09758782351651461,-0.006997328010388542,0.0
2025-02-15,81.76577928155129,54.669079446171146,103.74309949813714,3.716058954898802,320.05354059468397,158848.01865656162,0.0,0.0,0.0,0.0,0.0,0.0,-0.0065230755199414975,-0.05633450657225331,-0.0002575077094712079,0.0
2025-02-16,81.76577928155129,54.669079446171146,103.74309949813714,3.716058954898802,320.05354059468397,158848.01865656162,0.0,0.0,0.0,0.0,0.0,0.0,-0.006440542647572034,0.005720317408849951,-0.0007302277751809117,0.011725438413620282
2025-02-17,82.7301617453945,56.10336562645625,103.72581857639634,3.703812845255081,320.0320916243029,158823.4179413739,0.0,0.0,0.011725438413620282,0.025897529678026388,-0.00016658805512737018,-0.01224610964372097,-0.006358900822279493,-0.01888039777887752,0.019323574557050735,-0.028791667080402483
2025-02-18,80.38218573862302,55.40995415252475,104.22093741306472,3.716569418018568,319.9285836930085,158823.42007734696,0.0,0.0,-0.028791667080402483,-0.012436548614074283,0.004761986018418263,0.012756572763486851,-0.0065252638148102,-0.01887826180580305,0.0013626231700717985,-0.022367224688679244
2025-02-19,78.60421756086367,55.39849253774227,104.43378873672921,3.6906063513958207,320.00092561319315,158856.46254315862,0.0,0.0,-0.022367224688679244,-0.0002068725835560059,0.0020402259888898655,-0.025963066622747277,-0.006271683907489216,0.05624965919533861,-0.03943345335546143,-0.016264893390185442
2025-02-20,77.33606944607826,55.99392617804815,104.539017571355,3.6757409234378744,320.00245980374007,158837.78652036077,0.0,0.0,-0.016264893390185442,0.010690840873576413,0.0010071056170319892,-0.01486542795794632,-0.006217597812034717,0.010568411907734117,-0.05569834674564695,-0.004870305689299137
2025-02-21,76.9603348609088,54.92606988538064,104.62111049112923,3.627618289491264,319.95695260063366,158853.53896396016,0.0,0.0,-0.004870305689299137,-0.019255126641803066,0.000784976799833359,-0.04812263394661054,-0.006174106027523196,0.004564276811666787,-0.06056865243494606,0.0
2025-02-22,76.9603348609088,54.92606988538064,104.62111049112923,3.627618289491264,319.95695260063366,158853.53896396016,0.0,0.0,0.0,0.0,0.0,0.0,-0.005700160732261738,-0.020084217022405936,-0.07229409084856592,0.0
2025-02-23,76.9603348609088,54.92606988538064,104.62111049112923,3.627618289491264,319.95695260063366,158853.53896396016,0.0,0.0,0.0,0.0,0.0,0.0,-0.005329971240999017,-0.0374943664301536,-0.04350242376816334,0.004701425562878114
2025-02-24,77.32301002366276,55.822339355309204,105.24630509330983,3.637315067781544,319.9713597389122,158882.55796665358,0.0,0.0,0.004701425562878114,0.016186039034448818,0.005958013537874507,0.00969677829028015,-0.005122067113937049,-0.008475363736739383,-0.01643377351660687,0.008998712445841939
2025-02-25,78.021957654143,56.34171912410929,105.40189073530252,3.6537528072066037,319.83304031680626,158881.98256937705,0.0,0.0,0.008998712445841939,0.009261139228493143,0.0014772086670218343,0.01643773942505966,-0.0053536083356752525,-0.009050761013262673,0.008829832319420345,-0.01670877644971913
2025-02-26,76.72913700878513,58.65047094166312,105.87437584451257,3.652925523310629,319.76152378382125,158976.3467638343,0.0,0.0,-0.01670877644971913,0.04016032939544889,0.004472683132150657,-0.0008272838959748618,-0.005477622081789653,0.12350152004970005,-0.003008638440999839,-0.03602375190790674
2025-02-27,74.01425924211412,59.50096730157114,105.25270245646996,3.633175592985056,319.8238398808962,158995.33647750362,0.0,0.0,-0.03602375190790674,0.014396964825578173,-0.005889108964739265,-0.019749930325572596,-0.004980369161302441,0.12792564251390287,-0.03903239034890611,0.004612003428155376
2025-02-28,74.35640163394955,58.613610078915755,105.34095046703304,3.589987162041325,319.8722998883578,158991.13182559607,0.0,0.0,0.004612003428155376,-0.015025646066084697,0.0008380880857838946,-0.04318843094373115,-0.0046800047264992616,0.1338947161058313,-0.03442038692075124,0.0
2025-03-01,74.35640163394955,58.613610078915755,105.34095046703304,3.589987162041325,319.8722998883578,158991.13182559607,0.0,0.0,0.0,0.0,0.0,0.0,-0.004573952553712065,0.1347533305529796,-0.03912181248362887,0.0
2025-03-02,74.35640163394955,58.613610078915755,105.34095046703304,3.589987162041325,319.8722998883578,158991.13182559607,0.0,0.0,0.0,0.0,0.0,0.0,-0.0044868700509966795,0.16340206317117553,-0.048120524929470596,0.01448649049823647
2025-03-03,75.44140490983762,58.33609012885779,105.76486403358105,3.5631154040798343,319.954943012621,159005.47798838685,0.0,0.0,0.01448649049823647,-0.004745980032051733,0.00401612942150642,-0.026871757961490772,-0.004022718091634991,0.17774822596195736,-0.01692525798151477,-0.014264463160285068
2025-03-04,74.3729126207414,59.23861559097899,105.86514664970701,3.5446540841155554,319.9945003846764,158989.44557726008,0.0,0.0,-0.014264463160285068,0.015352676138646437,0.0009477164728011189,-0.01846131996427891,-0.0037005748199700665,0.1617158148351882,0.004834030766106834,-0.04243056285362545
2025-03-05,71.28323988166005,59.10402265833113,105.45684891331231,3.579962046783711,319.97175981431883,158994.92041009213,0.0,0.0,-0.04243056285362545,-0.002274632248703945,-0.0038642285520174013,0.035307962668155835,-0.0031031578882493045,0.15512084376765414,-0.042208535515673884,-4.00293716831257e-05
2025-03-06,71.2803865154657,59.507868786884046,106.26084940238592,3.577493068284491,319.93771220856974,158987.98764554778,0.0,0.0,-4.00293716831257e-05,0.006809564946072655,0.0075950604069428,-0.0024689784992202313,-0.0030068883876971596,0.13945797547200345,-0.042248564887356524,-0.031944800469022816
2025-03-07,69.0393343470736,58.76907008512262,105.31094832908356,3.565153860549173,320.05042061555883,158998.42170560593,0.0,0.0,-0.031944800469022816,-0.012492854779005746,-0.008979528142927684,-0.012339207735318158,-0.0028666637771336675,0.17758831365715014,-0.07419336535637998,0.0
2025-03-08,69.0393343470736,58.76907008512262,105.31094832908356,3.565153860549173,320.05042061555883,158998.42170560593,0.0,0.0,0.0,0.0,0.0,0.0,-0.002331117381490618,0.17379318530808086,-0.08867985585461653,0.0
2025-03-09,69.0393343470736,58.76907008512262,105.31094832908356,3.565153860549173,320.05042061555883,158998.42170560593,0.0,0.0,0.0,0.0,0.0,0.0,-0.0020682485320686395,0.1270026407284604,-0.07441539269433185,-0.031461153437878586
2025-03-10,66.90108944874962,59.91319346467673,105.74303370337746,3.5452527409370154,320.0506466049971,159012.26972889918,0.0,0.0,-0.031461153437878586,0.01928104149546339,0.004094554140182005,-0.01990111961215746,-0.0019329473194909408,0.14085066402170923,-0.063445983278584,-0.03226081677891646
2025-03-11,64.77724828269852,62.22194367298764,105.64993612971028,3.5214729193047587,320.0318600120211,159038.43989259945,0.0,0.0,-0.03226081677891646,0.03781099065579063,-0.0008808010953202938,-0.02377982163225667,-0.0018451522270156858,0.16702082772197901,-0.09566677068581857,-0.013675186030283726
2025-03-12,63.897436865441364,63.165803006142845,105.03973645422174,3.571930347521121,320.14150410552054,159015.2884281877,0.0,0.0,-0.013675186030283726,0.015055333336100318,-0.005792418528426602,0.05045742821636212,-0.0010744568386685694,0.12159018945001299,-0.07739715624707813,-0.026923625613746616
2025-03-13,62.2000387859529,62.38516963224695,105.18535078039403,3.5287866690740266,320.0261459414582,159047.96524850442,0.0,0.0,-0.026923625613746616,-0.01243548205650935,0.001385318482920006,-0.043143678447094214,-0.0007909937306332567,0.17288316301224405,-0.10432078186082473,0.010648457638980702
2025-03-14,62.86591223479664,63.468320170799835,105.24680545137213,3.56960998117742,320.1142179915322,159053.41939249096,0.0,0.0,0.010648457638980702,0.017213305482702168,0.0005840806255630326,0.040823312103393405,-0.00044044097312181767,0.19262199920529383,-0.09367232422184418,0.0
2025-03-15,62.86591223479664,63.468320170799835,105.24680545137213,3.56960998117742,320.1142179915322,159053.41939249096,0.0,0.0,0.0,0.0,0.0,0.0,-0.00017784798037812817,0.19595928200913476,-0.0622111707839664,0.0
2025-03-16,62.86591223479664,63.468320170799835,105.24680545137213,3.56960998117742,320.1142179915322,159053.41939249096,0.0,0.0,0.0,0.0,0.0,0.0,0.0003131549375029241,0.2054007359293464,-0.02995035400504914,0.020048869439346362
2025-03-17,64.1390222654144,62.634805714773044,105.27678218912699,3.612031305555966,320.3266923740156,159059.80379464672,0.0,0.0,0.020048869439346362,-0.013219761033382404,0.000284782701011288,0.042421324378545844,0.0010267107233491112,0.21178513808510616,0.0037737014645798338,-0.02650142648711551
2025-03-18,62.46157226600603,61.40491588935758,104.99986777175403,3.6286866547972805,320.3912467016539,159108.53343121856,0.0,0.0,-0.02650142648711551,-0.01983123013495458,-0.0026338119568034557,0.01665534924131462,0.0012742999790544421,0.2605147746569419,0.004195900591210874,-0.0033425296613485145
2025-03-19,62.25314114567158,60.43089462394818,104.67530320048589,3.662179523320579,320.3659850073591,159158.25892542093,0.0,0.0,-0.0033425296613485145,-0.01598942072725773,-0.0030958823497817534,0.03349286852329847,0.0013057221006808838,0.33484098404704127,-0.009795086709118038,0.019428981932917644
2025-03-20,63.47448259106407,61.247977069980905,104.15573133704318,3.669794620481561,320.4586183306001,159128.08908213503,0.0,0.0,0.019428981932917644,0.013430346885009214,-0.004976012657057716,0.007615097160981854,0.0019376525250373883,0.3046690047880693,0.00963389522380037,-0.0006865202597010622
2025-03-21,63.43092102745014,61.372522927960006,103.79190222059333,3.6607486151978064,320.34187885391924,159118.93163381022,0.0,0.0,-0.0006865202597010622,0.0020314042237714602,-0.0034992414337509103,-0.009046005283754432,0.00138353373891712,0.26246909065160434,0.00894737496409892,0.0
2025-03-22,63.43092102745014,61.372522927960006,103.79190222059333,3.6607486151978064,320.34187885391924,159118.93163381022,0.0,0.0,0.0,0.0,0.0,0.0,0.0014102991010014813,0.2811451134494564,-0.011101494475247062,0.0
2025-03-23,63.43092102745014,61.372522927960006,103.79190222059333,3.6607486151978064,320.34187885391924,159118.93163381022,0.0,0.0,0.0,0.0,0.0,0.0,0.0015831282402371564,0.26539266985005816,0.015399932011868674,0.007101624120403827
2025-03-24,63.88298688718422,62.72659799119638,103.52022982104623,3.612320987028843,320.36829656229435,159091.91358067453,0.0,0.0,0.007101624120403827,0.02182334239868755,-0.0026209035851829654,-0.04842762816896329,0.0016978998173642606,0.23837461671436905,0.025844085793620915,0.008289864062978936
2025-03-25,64.41476932104082,63.93959403338388,103.2665722321766,3.602444107155524,320.17494450395077,159116.60316989475,0.0,0.0,0.008289864062978936,0.019153226357810915,-0.0024533259722323564,-0.009876879873318867,0.0011476093926056346,0.2630642059345846,0.014704967923681075,-0.011682811634321055
2025-03-26,63.666602559900475,64.01327187639664,103.36628928202782,3.6245292333342656,320.06719153785343,159106.8012530897,0.0,0.0,-0.011682811634321055,0.0011516404987412798,0.0009651616578443267,0.022085126178741366,0.0008302864937580034,0.22424328643613262,0.003708676549061793,-0.009444229474748767
2025-03-27,63.06815096072121,62.71920557493867,102.81796560319546,3.6540485859142855,319.9471305620104,159092.65497610578,0.0,0.0,-0.009444229474748767,-0.02042272518351229,-0.005318786071095261,0.02951935258001992,0.0009475076927950725,0.21067240672872867,-0.005735552925686754,-0.0035506525679167567
2025-03-28,62.84461495275472,62.0602186087491,103.03821089299322,3.682567584790833,320.01571235520237,159105.2718025915,0.0,0.0,-0.0035506525679167567,-0.010562528193346132,0.002139798548516758,0.028518998876547297,0.0014378162426322096,0.12892503875721012,-0.009286205493604276,0.0
2025-03-29,62.84461495275472,62.0602186087491,103.03821089299322,3.682567584790833,320.01571235520237,159105.2718025915,0.0,0.0,0.0,0.0,0.0,0.0,0.0013035276749833995,0.10993532508789212,-0.016387829614008267,0.0
2025-03-30,62.84461495275472,62.0602186087491,103.03821089299322,3.682567584790833,320.01571235520237,159105.2718025915,0.0,0.0,0.0,0.0,0.0,0.0,0.0012286270775087333,0.11413997699544416,-0.02467769367698674,0.01469107822602389
2025-03-31,63.77468524697705,62.45292378247313,103.07584424540977,3.714788177810047,319.97842297328475,159124.903465043,0.0,0.0,0.01469107822602389,0.006307871896920503,0.0003651701754110448,0.032220593019214316,0.0012015625126857647,0.13377163944693166,0.0016961961833581035,0.0006721405633163258
2025-04-01,63.81756520891083,63.567396321295234,102.28485577216141,3.6941110724345,320.01020265774116,159176.8212303314,0.0,0.0,0.0006721405633163258,0.017687648995853067,-0.007703444571589557,-0.02067710537554701,0.0013785426185459674,0.18568940473534168,0.01181256622142306,0.016349193140654528
2025-04-02,64.86950667381754,63.50084423313072,101.9412171160954,3.7099308372962145,320.06046180966797,159197.30107498227,0.0,0.0,0.016349193140654528,-0.0010475016252611269,-0.0033652802065695653,0.015819764861714436,0.0013401996818928916,0.19182308659542469,0.031712411929995174,0.01264153287881431
2025-04-03,65.69476193080499,64.26230703471875,101.95401504535663,3.658367847794605,319.9935810441294,159187.52518834145,0.0,0.0,0.01264153287881431,0.01192005379042893,0.00012553436529572082,-0.051562989501609646,0.0010738610830608787,0.19807961108136807,0.04435394480880926,-0.042725229783432184
2025-04-04,62.947054321016275,65.27523658437546,101.73819023160408,3.6794460067383525,320.07696487767566,159189.51763535963,0.0,0.0,-0.042725229783432184,0.015639484393509484,-0.0021191276733070197,0.02107815894374765,0.001467700073261983,0.19459722526749829,0.001628715025377228,0.0
2025-04-05,62.947054321016275,65.27523658437546,101.73819023160408,3.6794460067383525,320.07696487767566,159189.51763535963,0.0,0.0,0.0,0.0,0.0,0.0,0.00161243503762973,0.20152998981185374,-0.013062363200646986,0.0
2025-04-06,62.947054321016275,65.27523658437546,101.73819023160408,3.6794460067383525,320.07696487767566,159189.51763535963,0.0,0.0,0.0,0.0,0.0,0.0,0.0013144775337896781,0.1910959297537047,-0.013734503763963402,0.007034476965944947
2025-04-07,63.39141501485533,64.34893826984995,101.30813557876924,3.6941657951727267,320.1008911563987,159205.13358184343,0.0,0.0,0.007034476965944947,-0.014292304401148925,-0.004236031301644516,0.01471978843437416,0.001431450379533572,0.20671187623750303,-0.023049219938672823,-0.009281274726466116
2025-04-08,62.8057837829297,63.240003789903376,101.43680640479646,3.7456024864216477,320.1427404634562,159228.9645104344,0.0,0.0,-0.009281274726466116,-0.01738336233282478,0.0012692878258118157,0.05143669124892103,0.0015987660257913983,0.23054280482846662,-0.04497202754395309,0.002761050126972364
2025-04-09,62.979433317436204,64.89576649409562,101.67869664279623,3.747657043824714,320.055419099919,159246.87766833787,0.0,0.0,0.002761050126972364,0.025845318096446412,0.0023818009824303488,0.0020545574030661484,0.0013722101258332434,0.23460793943869065,0.0005142523664514427,0.018767044851401238
2025-04-10,64.17253161442058,63.84565437279309,101.88616640343672,3.7498422192567813,320.01853517588756,159265.67183675454,0.0,0.0,0.018767044851401238,-0.01631387014483998,0.002038365849303503,0.002185175432067421,0.0013658349221003878,0.2272319441550935,0.019281297217852243,0.013383361230186352
2025-04-11,65.03714862153308,62.740401076849125,102.3452442252645,3.7441844659556227,319.87855155614034,159213.31655911793,0.0,0.0,0.013383361230186352,-0.01746292479798406,0.0044956708041947735,-0.005657753301158586,0.0006611237766974032,0.19802813093023724,0.03266465844803835,0.0
2025-04-12,65.03714862153308,62.740401076849125,102.3452442252645,3.7441844659556227,319.87855155614034,159213.31655911793,0.0,0.0,0.0,0.0,0.0,0.0,0.0010767991037534304,0.16535131061350694,0.025630181482093378,0.0
2025-04-13,65.03714862153308,62.740401076849125,102.3452442252645,3.7441844659556227,319.87855155614034,159213.31655911793,0.0,0.0,0.0,0.0,0.0,0.0,0.0008621139028175259,0.15989716662696446,0.03491145620855945,0.034289626654235406
2025-04-14,67.30592359612932,64.05191152733836,102.49564655668208,3.7241680340869574,319.89856599187925,159249.3436657722,0.0,0.0,0.034289626654235406,0.020688276772427017,0.0014684798320407921,-0.020016431868665308,0.0009860454060431826,0.19592427328124176,0.06644003273582272,-0.023295781812935346
2025-04-15,65.75610173054457,64.21379778485417,102.97717466074144,3.723387320986209,319.89804581408146,159260.63287113587,0.0,0.0,-0.023295781812935346,0.0025242341751701147,0.004687033377307692,-0.0007807131007484536,0.001033754614362851,0.20721347864490236,0.024377206071486277,0.011456909910476654
2025-04-16,66.5137955913476,64.57686288488368,102.61152941872076,3.734485714826704,319.7737431886386,159206.46323582114,0.0,0.0,0.011456909910476654,0.0056380805859523875,-0.0035570595105429703,0.011098393840494936,6.659119074774091e-05,0.1466594411744154,0.022450754751776787,-0.022885847374155333
2025-04-17,65.00885759304252,65.71229658674463,103.27153023278545,3.7299486327597604,319.8963173426094,159177.7129730928,0.0,0.0,-0.022885847374155333,0.017429883680217806,0.006411436434270001,-0.004537082066943476,0.00032900732711145975,0.06917954187424039,-0.0004350926223783104,-0.016898950739820506
2025-04-18,63.919506480442266,65.1132123181752,102.6791483726523,3.7536481953175382,319.8427386596654,159159.17652207555,0.0,0.0,-0.016898950739820506,-0.009158587819208641,-0.005752673385655882,0.02369956255777783,0.0003312505066714209,0.0009175966546172276,-0.017334043362199156,0.0
2025-04-19,63.919506480442266,65.1132123181752,102.6791483726523,3.7536481953175382,319.8427386596654,159159.17652207555,0.0,0.0,0.0,0.0,0.0,0.0,0.00015161251016126975,0.03108743994051474,-0.05162367001643499,0.0
2025-04-20,63.919506480442266,65.1132123181752,102.6791483726523,3.7536481953175382,319.8427386596654,159159.17652207555,0.0,0.0,0.0,0.0,0.0,0.0,0.0006165877766284487,0.040244888265326156,-0.02832788820349919,-0.02975695632370101
2025-04-21,62.04547749914743,64.34012462400275,102.94641143919057,3.717470820505982,319.8235991526711,159159.5907194808,0.0,0.0,-0.02975695632370101,-0.01194402404939865,0.0025995135749141696,-0.03617737481155636,0.0006641458178189173,0.04065908567057341,-0.06954175443767682,-0.005963366759530686
2025-04-22,61.676578594007474,65.46330039612602,102.90358810603549,3.749336688206352,319.9217688133978,159152.56928670293,0.0,0.0,-0.005963366759530686,0.017306227550164976,-0.00041606348183087505,0.03186586770037003,0.0010636209780479594,0.03363765289270668,-0.05261927382305185,-0.01461688064652833
2025-04-23,60.7816161200878,64.17682871612108,102.65210441086799,3.779318235830763,319.869846584191,159135.78116008185,0.0,0.0,-0.01461688064652833,-0.019847464196637965,-0.0024468679758857803,0.029981547624410965,0.0009053233333161364,0.04386757940732059,-0.05033720372975929,0.01728022456716083
2025-04-24,61.84106347732848,64.92340771401474,102.51525406218657,3.8148650185483817,319.9152457833732,159117.73246637773,0.0,0.0,0.01728022456716083,0.011566010120045433,-0.0013340364665745952,0.0355467827176188,0.0016994005908062843,0.0011292964829772245,-0.033056979162598636,-0.0037822437982582002
2025-04-25,61.607607270964344,65.03992291034228,103.77096505604302,3.795758027857485,319.94754345334803,159076.7880551002,0.0,0.0,-0.0037822437982582002,0.0017930477309926474,0.012174603901432768,-0.01910699069089672,0.002162775366290737,-0.030013197989523177,-0.036839222960857024,0.0
2025-04-26,61.607607270964344,65.03992291034228,103.77096505604302,3.795758027857485,319.94754345334803,159076.7880551002,0.0,0.0,0.0,0.0,0.0,0.0,0.0025360314152933975,-0.01586692100559594,-0.007082266637156145,0.0
2025-04-27,61.607607270964344,65.03992291034228,103.77096505604302,3.795758027857485,319.94754345334803,159076.7880551002,0.0,0.0,0.0,0.0,0.0,0.0,0.0023304682539078505,-0.028483747491321994,-0.001118899877626071,-0.011247071237975526
2025-04-28,60.91858413258993,66.32294571585237,103.7669587231645,3.8020095114761006,319.90201899522606,159088.15943652164,0.0,0.0,-0.011247071237975526,0.01953464657178383,-3.860820042955737e-05,0.006251483618615605,0.00219799885443606,-0.017112366069864948,0.0022509095309269068,0.0017481270642241142
2025-04-29,61.02517069450953,66.86555508754712,103.15347999968732,3.859620776943555,319.8575635483022,159097.6103537044,0.0,0.0,0.0017481270642241142,0.008148036360904776,-0.005929627104792168,0.05761126546745432,0.0020633538879400114,-0.007661448887112783,-0.01328118797200956,-0.008486955090312165
2025-04-30,60.50944438005642,65.8195671492758,103.6163418539604,3.8137091998554933,319.8137762670235,159104.68888570298,0.0,0.0,-0.008486955090312165,-0.015766795692245594,0.004477081067892463,-0.045911577088061595,0.002041391162003984,-0.02021457934001228,-0.017985899264063437,0.014157220589495978
2025-05-01,61.372182509283704,67.87479161597398,102.75735991721918,3.809685058490874,319.74694355693373,159065.10742218516,0.0,0.0,0.014157220589495978,0.030747540920867067,-0.008324577113097753,-0.004024141364619371,0.0017386386243057514,-0.11171380814624718,-0.003828678674567747,-0.016436491454347113
2025-05-02,60.37168402265674,67.12476544710552,102.44623866609561,3.82654952181535,319.70638622918784,159131.62340336535,0.0,0.0,-0.016436491454347113,-0.011111649582208116,-0.003032320014534129,0.01686446332447611,0.001470136479008925,-0.06567767161692609,-0.020265170128914368,0.0
2025-05-03,60.37168402265674,67.12476544710552,102.44623866609561,3.82654952181535,319.70638622918784,159131.62340336535,0.0,0.0,0.0,0.0,0.0,0.0,0.001704435752588,-0.055901784976100315,-0.009018098890939024,0.0
2025-05-04,60.37168402265674,67.12476544710552,102.44623866609561,3.82654952181535,319.70638622918784,159131.62340336535,0.0,0.0,0.0,0.0,0.0,0.0,0.0014613747622168418,-0.05789423199428711,-0.010766225955163246,0.00568043762167747
2025-05-05,60.71559747254794,68.012611393854,103.17524603806035,3.850815867002619,319.84497208383715,159203.3419972912,0.0,0.0,0.00568043762167747,0.013140091101925044,0.0070908001420022515,0.02426634518726889,0.0018958141486292712,0.013824361931561726,0.0034011667568257663,-0.0215071732103862
2025-05-06,59.42371872816875,67.90261471674121,102.89432393323132,3.8298756844807174,319.6331966391964,159177.24308528364,0.0,0.0,-0.0215071732103862,-0.001618607484612511,-0.0027264799833588427,-0.02094018252190155,0.0012657485815051215,-0.01227455007599201,-0.032263227043056085,-0.018339806893544974
2025-05-07,58.343831927517215,67.91249343380888,103.13187467831904,3.872136705178856,319.7835801590446,159167.96369510013,0.0,0.0,-0.018339806893544974,0.00014547302166345588,0.0023060256604097162,0.04226102069813864,0.0016758502183038537,-0.037169886743300594,-0.034166542482254085,-0.006529713394300529
2025-05-08,57.96410453144452,67.77310579833947,102.40983046257814,3.833125797977035,319.80940762061584,159149.5806057726,0.0,0.0,-0.006529713394300529,-0.0020545685804647107,-0.007025797371507991,-0.03901090720182099,0.0016395089605252709,-0.07938390466180863,-0.040696255876554975,0.004812907630153518
2025-05-09,58.2437528333258,68.94274836052331,102.1192724111693,3.811290272970779,319.9241302419492,159118.32709215017,0.0,0.0,0.004812907630153518,0.017110979660966308,-0.0028412411025202644,-0.021835525006256074,0.0022641479601276677,-0.12855057618769933,-0.03588334824640106,0.0
2025-05-10,58.2437528333258,68.94274836052331,102.1192724111693,3.811290272970779,319.9241302419492,159118.32709215017,0.0,0.0,0.0,0.0,0.0,0.0,0.0023656300379714962,-0.14734474460437194,-0.04156378586807777,0.0
2025-05-11,58.2437528333258,68.94274836052331,102.1192724111693,3.811290272970779,319.9241302419492,159118.32709215017,0.0,0.0,0.0,0.0,0.0,0.0,0.0027641380611289662,-0.09498946696775966,-0.020056612657691576,-0.010154252970139055
2025-05-12,57.65532361868928,68.92969388953638,103.06558236573036,3.8360778963086797,319.8175583532948,159100.59187678705,0.0,0.0,-0.010154252970139055,-0.0001893702731727842,0.009224040099333308,0.024787623337900744,0.0023853650386359373,-0.11272468233088148,-0.011871058734286118,0.019982113623971287
2025-05-13,58.81898634754681,70.24714355743012,102.77375000882526,3.8779290746720707,319.80920480241895,159097.5516585076,0.0,0.0,0.019982113623971287,0.01893259028405314,-0.002835537300599711,0.04185117836339103,0.002319419791085812,-0.11576490061031655,0.01464076828398602,-0.007023936833948419
2025-05-14,58.40729304926213,70.04677347486158,102.95854120141098,3.8588118094125274,319.72426437450906,159117.3254919877,0.0,0.0,-0.007023936833948419,-0.0028564348768034264,0.0017964242870602831,-0.01911726525954327,0.001952901613047146,-0.13201817378451233,0.0028039238198835506,0.0049576529956327775
2025-05-15,58.697575104912374,70.99881229022157,102.72390912046839,3.8394972179137996,319.645160799977,159105.3484488042,0.0,0.0,0.0049576529956327775,0.013499937188488076,-0.002281499295168743,-0.01931459149872783,0.0016655815829450748,-0.15528442233166426,0.007761576815516244,0.006349246198548819
2025-05-16,59.07144610403589,70.28873307044522,103.62657235961463,3.8248236250514207,319.6031961777337,159093.6338391604,0.0,0.0,0.006349246198548819,-0.010051631890734214,0.008748891598264308,-0.014673592862378904,0.0018681743010919441,-0.1128293966607307,0.014110823014065112,0.0
2025-05-17,59.07144610403589,70.28873307044522,103.62657235961463,3.8248236250514207,319.6031961777337,159093.6338391604,0.0,0.0,0.0,0.0,0.0,0.0,0.001441109382836662,-0.08407913393239141,0.02426507598420425,0.0
2025-05-18,59.07144610403589,70.28873307044522,103.62657235961463,3.8248236250514207,319.6031961777337,159093.6338391604,0.0,0.0,0.0,0.0,0.0,0.0,0.0015565721215746843,-0.06554268291514018,0.004282962360233108,-0.0030105004359128884
2025-05-19,58.8938789069611,71.58416722077271,103.51442150897414,3.8110726418189684,319.5893184370225,159077.03059155666,0.0,0.0,-0.0030105004359128884,0.018262404608733185,-0.0010828456454179403,-0.013750983232452274,0.0014519592742733658,-0.08214593051889096,0.008296398758269246,-0.014106004949565154
2025-05-20,58.068953439514644,71.72150192267824,103.39236256074514,3.8072736602117856,319.6241484357005,159092.9401963921,0.0,0.0,-0.014106004949565154,0.0019166686812788214,-0.0011798449522766319,-0.0037989816071828386,0.0014990855948941524,-0.06623632568345056,-0.01076725918692885,0.024259832026396033
2025-05-21,59.49492345650114,70.71530741918735,103.56499320365431,3.8418541532999764,319.70635734733366,159127.12811921572,0.0,0.0,0.024259832026396033,-0.014128528232790316,0.0016682729860884038,0.03458049308819078,0.0017397074489149031,-0.032462600265076615,0.007143326640918131,0.0419748508478186
2025-05-22,62.045366778491676,71.38395080695949,103.53853130013066,3.8659029399582567,319.74068616654785,159129.42642233576,0.0,0.0,0.0419748508478186,0.009411003703882592,-0.00025554276520445285,0.024048786658280363,0.0014663834118445853,-0.02314286436716793,0.04911817748873683,0.012173352358765044
2025-05-23,62.80528286934414,72.46873952949339,103.86241646841695,3.8629102909365955,319.846586690862,159123.63685654168,0.0,0.0,0.012173352358765044,0.015082224507708908,0.0031232782208476806,-0.0029926490216611867,0.0018799117190136901,-0.012144303540175315,0.06129152984750153,0.0
2025-05-24,62.80528286934414,72.46873952949339,103.86241646841695,3.8629102909365955,319.846586690862,159123.63685654168,0.0,0.0,0.0,0.0,0.0,0.0,0.0016701732786786846,0.005904390163952485,0.06430203028341391,0.0
2025-05-25,62.80528286934414,72.46873952949339,103.86241646841695,3.8629102909365955,319.846586690862,159123.63685654168,0.0,0.0,0.0,0.0,0.0,0.0,0.00150626708324381,0.04684880144149065,0.07840803523297947,0.031437659833200016
2025-05-26,64.81109785524586,72.79798800167147,104.52077557866664,3.941535039770727,319.71651335949656,159157.21774769705,0.0,0.0,0.031437659833200016,0.004533027508307974,0.006318756270969672,0.07862474883413162,0.0010358863905402785,0.08042969259686651,0.08558586303978376,0.02127501144489763
2025-05-27,66.2047268748666,71.57155455137111,104.22717341385915,3.9557815389688717,319.7570900976192,159143.41460293817,0.0,0.0,0.02127501144489763,-0.016990605254243896,-0.0028129843653816877,0.01424649919814458,0.001083719739755007,0.06662654783797917,0.06488602363686265,0.0006187132442052601
2025-05-28,66.2457012906128,72.03674716845408,104.08597205916769,3.958836534576722,319.67832698757496,159144.22863354665,0.0,0.0,0.0006187132442052601,0.006478653930678924,-0.0013556645788828092,0.003054995607850053,0.0009144035849396159,0.05606919702500454,0.05333138452230309,0.025776940144289995
2025-05-29,67.97551159587717,72.73518905379427,104.02599789424737,3.9644329265845304,319.7257207148342,159161.57765046888,0.0,0.0,0.025776940144289995,0.009648932278072841,-0.000576364411850605,0.005596392007808593,0.0011308312219128942,0.0639672967644874,0.07910832466659284,0.02460602682827684
2025-05-30,69.66886679268401,72.90617959535133,104.28962195272796,3.9679972078995047,319.6529791896103,159173.11300063628,0.0,0.0,0.02460602682827684,0.00234810509826211,0.00253100751067592,0.003564281314974327,0.0009702350012993613,0.06842411493329564,0.10371435149486974,0.0
2025-05-31,69.66886679268401,72.90617959535133,104.28962195272796,3.9679972078995047,319.6529791896103,159173.11300063628,0.0,0.0,0.0,0.0,0.0,0.0,0.0010985202973257447,0.10800557845112052,0.07227669166166927,0.0
2025-06-01,69.66886679268401,72.90617959535133,104.28962195272796,3.9679972078995047,319.6529791896103,159173.11300063628,0.0,0.0,0.0,0.0,0.0,0.0,0.0011491029689362886,0.04148959727093461,0.051001680216771754,-0.007424723953162626
2025-06-02,69.15351024614893,73.7128038324468,103.88479302616781,3.9851248861710795,319.8313547513224,159180.17915093206,0.0,0.0,-0.007424723953162626,0.011003109642163444,-0.003889329405995845,0.017127678271574798,0.001616336068229196,0.04855574756671558,0.04295824301940445,0.011691177686840248
2025-06-03,69.96674077046447,73.96210464526689,103.86083623538488,3.937317921474875,319.72203640461527,159244.70365184572,0.0,0.0,0.011691177686840248,0.0033763494722327536,-0.0002306358114418927,-0.04780696469620471,0.0012096920201744206,0.11308024848037167,0.02887248056195448,0.0047825007094770555
2025-06-04,70.30215818553773,74.87556484605696,103.66510919299128,3.9461041092047284,319.92746041329167,159190.79294718656,0.0,0.0,0.0047825007094770555,0.012274737612797182,-0.0018862904108125633,0.008786187729853623,0.0013447380503246898,-0.012549050104629714,0.009048954443155345,0.013875549477672777
2025-06-05,71.28443833837174,73.7748454044793,103.0710939467562,3.9488879256452813,319.9791283408035,159245.91309640938,0.0,0.0,0.013875549477672777,-0.014809774934311015,-0.005746616914920288,0.002783816440552922,0.0020671139271152793,0.0686700111257378,0.02292450392082827,-0.004761098095297456
2025-06-06,70.94585279385946,73.81071594708838,103.4809602706367,3.943612487064255,320.00775376868944,159245.94743887085,0.0,0.0,-0.004761098095297456,0.0004860982739351982,0.0039686544236055,-0.005275438581026304,0.001609640723435346,0.07798374377071741,0.018163405825530065,0.0
2025-06-07,70.94585279385946,73.81071594708838,103.4809602706367,3.943612487064255,320.00775376868944,159245.94743887085,0.0,0.0,0.0,0.0,0.0,0.0,0.001459489753922653,0.09636683309826186,0.025588129778692292,0.0
2025-06-08,70.94585279385946,73.81071594708838,103.4809602706367,3.943612487064255,320.00775376868944,159245.94743887085,0.0,0.0,0.0,0.0,0.0,0.0,0.0010432931661468674,0.12762034672067965,0.013896952091852391,0.0031920767236162106
2025-06-09,71.17267923029266,71.55449473068856,103.66709845304715,3.9358469885426466,319.91652253343,159219.87706329627,0.0,0.0,0.0031920767236162106,-0.031044600134632283,0.0017971515992547538,-0.0077654985216084604,0.0007082927969097929,0.10154997114610159,0.012306528105990928,0.0020649615822367906
2025-06-10,71.3197999256223,72.25172483768543,104.51263880773108,3.9423711544752713,319.86474066200714,159241.42681044317,0.0,0.0,0.0020649615822367906,0.009696876427539358,0.00812322097568785,0.006524165932624726,0.000524108407772487,0.12309971829300048,0.0004959402105551864,-0.0004670344094561685
2025-06-11,71.28649890194878,70.42907474988402,103.80407102718762,3.986626027987536,319.8544460305241,159244.83130999355,0.0,0.0,-0.0004670344094561685,-0.02555002838162146,-0.006802819742262933,0.04425487351226476,0.0007984557527271933,0.14423943320650143,0.004790003896397221,-0.004343489849421012
2025-06-12,70.9775381871668,69.77712537379931,103.17731976445064,3.990060372482158,319.7860363384939,159237.1627697069,0.0,0.0,-0.004343489849421012,-0.00929993216219227,-0.0060561307075674975,0.003434344494622099,0.0005989086305167553,0.13961111119927955,0.0004465140469765055,0.00418576945611715
2025-06-13,71.27525645390969,69.13093009189792,103.15373171199752,3.9854351365663137,319.79140614829544,159269.79944796045,0.0,0.0,0.00418576945611715,-0.009303995238911789,-0.00022864277952372447,-0.004625235915844517,0.0008665498482616182,0.15247395597276045,0.004632283503093443,0.0
2025-06-14,71.27525645390969,69.13093009189792,103.15373171199752,3.9854351365663137,319.79140614829544,159269.79944796045,0.0,0.0,0.0,0.0,0.0,0.0,0.001105156693913815,0.16445099915625178,0.0014402067794773356,0.0
2025-06-15,71.27525645390969,69.13093009189792,103.15373171199752,3.9854351365663137,319.79140614829544,159269.79944796045,0.0,0.0,0.0,0.0,0.0,0.0,0.0012453181143181205,0.17616560880004545,-0.0006247548027598011,-0.016178148019093008
2025-06-16,70.13143223157427,68.76622877729162,103.59276475782328,4.009039873759026,319.81915462504287,159265.16185242723,0.0,0.0,-0.016178148019093008,-0.005289480478293029,0.004247072750911407,0.023604737192711944,0.0013447568873951562,0.17152801326682673,-0.016335868412397214,-0.015755680200184585
2025-06-17,69.03512304087945,68.27520279119958,103.76397964710559,3.9477819694054435,319.80983169259804,159263.69017736078,0.0,0.0,-0.015755680200184585,-0.007166126065524914,0.0016514044786362092,-0.06125790435358214,0.0013287808778343901,0.17005633820037475,-0.02774805876316092,-0.01294201287499952
2025-06-18,68.14742627158043,70.24201340312135,103.19688419871702,3.9872636280173688,319.7269166819923,159251.3749004814,0.0,0.0,-0.01294201287499952,0.02839997597206967,-0.00548023290148425,0.03948165861192532,0.001153552073187699,0.17434430892474484,-0.04487584109427738,0.0019858308565448013
2025-06-19,68.28288999296652,72.07480084603823,102.95331992990445,4.008777283121023,319.7146487342954,159249.14997662886,0.0,0.0,0.0019858308565448013,0.025757866832616827,-0.002362979781407759,0.021513655103654106,0.0010321702330657102,0.15620978023676435,-0.04289001023773289,-0.001782882387526108
2025-06-20,68.16125809093559,71.09198601309939,103.29950666684803,4.034509711216774,319.8254721626171,159225.21972251302,0.0,0.0,-0.001782882387526108,-0.01372986421762068,0.0033569194444629247,0.02573242809575138,0.0011444911063662336,0.09809160329730367,-0.04467289262525905,0.0
2025-06-21,68.16125809093559,71.09198601309939,103.29950666684803,4.034509711216774,319.8254721626171,159225.21972251302,0.0,0.0,0.0,0.0,0.0,0.0,0.0010682907117319674,0.0957933001772617,-0.02849474460616534,0.0
2025-06-22,68.16125809093559,71.09198601309939,103.29950666684803,4.034509711216774,319.8254721626171,159225.21972251302,0.0,0.0,0.0,0.0,0.0,0.0,0.0007820862510339717,0.10158286597134429,-0.012739064405981059,0.005108574533701393
2025-06-23,68.51035589506435,72.66887024982097,103.46273643725357,4.055257535704847,319.80466970823056,159220.27116006485,0.0,0.0,0.005108574533701393,0.021938482045959162,0.001578913072962429,0.020747824488072553,0.0007440986209948375,0.09663430352316936,0.0053115230027203225,-0.030492318582813205
2025-06-24,66.45284485511907,74.56114206024746,103.36290811639121,4.115339893543061,319.8264643299115,159197.61640216512,0.0,0.0,-0.030492318582813205,0.02570638939165093,-0.0009653380153133995,0.060082357838214584,0.0008243116124263316,0.07397954562344239,-0.027166626436637396,0.0063896561243792505
2025-06-25,66.87881513475156,75.58677252074317,104.15181919912541,4.120966749980502,319.7394876376518,159161.818422048,0.0,0.0,0.0063896561243792505,0.01366181362852803,0.0076034592212881336,0.005626856437440431,0.0009685709141917316,0.004600674350949702,-0.018994087924732585,-0.0021637718820199936
2025-06-26,66.73426108245616,76.38947344349164,104.30516222112058,4.150168599453268,319.7197441936493,159138.6569523312,0.0,0.0,-0.0021637718820199936,0.010563603306191993,0.0014712200916422447,0.029201849472766384,0.0008102843444489379,-0.004757650606974494,-0.021157859806752256,-0.004588786996966299
2025-06-27,66.42873331000737,77.01036889437066,104.66254883371451,4.197380814154043,319.5857514020491,159122.64538385178,0.0,0.0,-0.004588786996966299,0.008095169227170906,0.0034204993607511724,0.047212214700774524,0.0006671086021390992,-0.021583249694871482,-0.025746646803718198,0.0
2025-06-28,66.42873331000737,77.01036889437066,104.66254883371451,4.197380814154043,319.5857514020491,159122.64538385178,0.0,0.0,0.0,0.0,0.0,0.0,0.0005484297184288113,-0.038932266617106505,-0.030855221337420073,0.0
2025-06-29,66.42873331000737,77.01036889437066,104.66254883371451,4.197380814154043,319.5857514020491,159122.64538385178,0.0,0.0,0.0,0.0,0.0,0.0,0.0007939451616588156,-0.050467616784502754,-0.0003629027546068912,-0.02290584153219921
2025-06-30,64.92442180473539,79.81138426639188,104.63605071965453,4.165041652890883,319.44656488752435,159088.48060561277,0.0,0.0,-0.02290584153219921,0.03572608050708137,-0.0002532087100259872,-0.03233916126315961,0.0003943704751231624,-0.08463239502350917,-0.029658400411185424,-0.016963756503496796
2025-07-01,63.83234874148275,79.8725320594596,104.51393135760853,4.176237116698889,319.4069383687949,159031.54686161934,0.0,0.0,-0.016963756503496796,0.0007658604255649237,-0.001167768456978635,0.011195463808006068,0.0003070066730447296,-0.14156613901694073,-0.04445838503266229,0.013714449417367547
2025-07-02,64.71380478589609,79.15365088147159,103.92707871296433,4.1975703363597345,319.29687797617333,159036.20459164164,0.0,0.0,0.013714449417367547,-0.009041103314667787,-0.005630889958288421,0.021333219660845337,-0.0005388216222730964,-0.14397455929042188,-0.026155148618329026,-0.03473106749160593
2025-07-03,62.50480772250567,80.67875661846266,103.55974089966293,4.193108219354908,319.17942613980455,159021.02233585768,0.0,0.0,-0.03473106749160593,0.019084390322322342,-0.0035408340421696494,-0.00446211700482646,-0.000497376272933625,-0.2236813159880403,-0.060886216109934756,0.010186158941135837
2025-07-04,63.14474534853559,78.75016937822781,104.06887216172589,4.227806562029947,319.0508645102656,159035.66699774752,0.0,0.0,0.010186158941135837,-0.02419487315579527,0.004904259340889894,0.03469834267503913,-0.001434436668777898,-0.15512594943903968,-0.050700057168798454,0.0
2025-07-05,63.14474534853559,78.75016937822781,104.06887216172589,4.227806562029947,319.0508645102656,159035.66699774752,0.0,0.0,0.0,0.0,0.0,0.0,-0.0014960323965002686,-0.21024609866185345,-0.02779421563659871,0.0
2025-07-06,63.14474534853559,78.75016937822781,104.06887216172589,4.227806562029947,319.0508645102656,159035.66699774752,0.0,0.0,0.0,0.0,0.0,0.0,-0.0014803256505220889,-0.2102804411233228,-0.010830459133102181,0.022419685561903435
2025-07-07,64.57641955911782,77.52617342333238,104.35093634256498,4.270604751990152,319.03659926164977,159060.59068056082,0.0,0.0,0.022419685561903435,-0.01566482760248089,0.002706694292331946,0.042798189960205235,-0.001414175567413134,-0.185356758310023,-0.002125222988566322,0.021066567578394313
2025-07-08,65.95125373870182,77.69983375538004,104.4280424477276,4.259026382522755,319.0514980891738,159035.6269458541,0.0,0.0,0.021066567578394313,0.0022375168653274713,0.0007386386226722053,-0.01157836946739721,-0.0012675281586436013,-0.21032049301674124,0.0536724120814335,0.01707505018684774
2025-07-09,67.0870439480588,77.66893235291083,103.48471437849663,4.198598047620495,319.02796545478407,159060.03217217213,0.0,0.0,0.01707505018684774,-0.00039778140292501263,-0.009074330567282018,-0.060428334902260517,-0.0009656017415560104,-0.15984489112414305,0.060561303327145447,0.01367105931096102
2025-07-10,68.0104927842686,79.01535935880648,103.84790934799636,4.194627377743113,318.9817775236667,159061.81744467546,0.0,0.0,0.01367105931096102,0.017186919434846182,0.003503504026294735,-0.003970669877381816,-0.00088393027524184,-0.179609365767712,0.07423236263810588,-0.008245061363473916
2025-07-11,67.45204746948389,78.93609465935629,104.30301721270834,4.2154644463763224,318.95584494811743,159071.61844386696,0.0,0.0,-0.008245061363473916,-0.001003659087492892,0.00437287114158913,0.020837068633209554,-0.0008546421164302115,-0.1732128661265888,0.06598730127463216,0.0
2025-07-12,67.45204746948389,78.93609465935629,104.30301721270834,4.2154644463763224,318.95584494811743,159071.61844386696,0.0,0.0,0.0,0.0,0.0,0.0,-0.0005793414169390867,-0.16554432583993184,0.04356761571272908,0.0
2025-07-13,67.45204746948389,78.93609465935629,104.30301721270834,4.2154644463763224,318.95584494811743,159071.61844386696,0.0,0.0,0.0,0.0,0.0,0.0,-0.000531472415374342,-0.19818100409349426,0.022501048134334956,-0.018746709854389643
2025-07-14,66.19932243073825,78.39701954325075,104.68149416697499,4.223418083952097,319.06741652618047,159044.36145414136,0.0,0.0,-0.018746709854389643,-0.006852686141573194,0.003622061420228917,0.007953637575774941,-0.00012964658452785383,-0.22543799381909777,-0.013320711906902937,0.00022835240063034945
2025-07-15,66.21444093104266,77.54035512475136,104.52103304093295,4.215344484387864,319.0901731112054,159048.61021807467,0.0,0.0,0.00022835240063034945,-0.01098739848043273,-0.0015340269513046678,-0.008073599564233369,-4.293238674633404e-05,-0.2211892298857856,-0.026763418817232577,-0.015323572638668459
2025-07-16,65.20753354766254,77.25470482815453,104.8074833745318,4.212651591746345,319.2126536550385,159050.73872479954,0.0,0.0,-0.015323572638668459,-0.003690694275720219,0.002736851312045374,-0.0026928926415186183,0.00026518086983327383,-0.21442312762769872,-0.03384193009242791,-0.021165645109257447
2025-07-17,63.84187751199002,79.12859922943225,105.06151902047175,4.1291053111698055,319.3127637935253,159054.93229930857,0.0,0.0,-0.021165645109257447,0.023966549473899867,0.002420898437700103,-0.0835462805765399,0.0006046736883858483,-0.20875787805221627,-0.05500757520168506,0.01323171275303725
2025-07-18,64.69222828899791,78.43457869344859,105.05279581260093,4.060017490485264,319.22456319196664,159051.8013664497,0.0,0.0,0.01323171275303725,-0.008809482437841964,-8.303297072131954e-05,-0.06908782068454133,0.0005760541378043455,-0.19957353403168962,-0.04177586244864822,0.0
2025-07-19,64.69222828899791,78.43457869344859,105.05279581260093,4.060017490485264,319.22456319196664,159051.8013664497,0.0,0.0,0.0,0.0,0.0,0.0,0.0006135235992442293,-0.19734861017914954,-0.023029152594258487,0.0
2025-07-20,64.69222828899791,78.43457869344859,105.05279581260093,4.060017490485264,319.22456319196664,159051.8013664497,0.0,0.0,0.0,0.0,0.0,0.0,0.000276241602606538,-0.17341835606331005,-0.02325750499488917,-0.004832816067956713
2025-07-21,64.38033691252602,77.66049515994177,104.89143103279778,4.082443785778283,319.27499799083745,159076.67488999647,0.0,0.0,-0.004832816067956713,-0.009918184603289859,-0.0015372159930633345,0.02242629529301876,0.0004475898362283461,-0.14854483251654893,-0.012766748424176627,-0.0038825107014446303
2025-07-22,64.13086416917535,79.42236473983527,104.19138326949054,4.115031923285396,319.40890101459206,159064.63886672247,0.0,0.0,-0.0038825107014446303,0.022433300096993847,-0.006696393307930926,0.03258813750711287,0.0008578206265088726,-0.16058085579055478,0.004516385983635646,0.022647785598993053
2025-07-23,65.59985817233998,78.55037328511487,103.7678572086502,4.086196325383583,319.55020030067425,159085.0793286776,0.0,0.0,0.022647785598993053,-0.011039883489524449,-0.004073169775157481,-0.02883559790181245,0.0013640996719519534,-0.1351918313872593,0.013932458829592204,-0.03679781154788486
2025-07-24,63.229800846191836,79.1044273804614,103.94440580899334,4.068890138408761,319.5643618397883,159051.68414494157,0.0,0.0,-0.03679781154788486,0.0070287282594767575,0.0016999347105821627,-0.01730618697482278,0.0013551383784089896,-0.14593225722355418,-0.022865352718292643,-0.002531556570529503
2025-07-25,63.06993347043866,77.53762521346164,103.7404455459981,4.038867749396266,319.48824789529687,159048.74794768263,0.0,0.0,-0.002531556570529503,-0.020005539973221076,-0.0019641329373296657,-0.030022389012494877,0.0014151072818356,-0.11307047436537687,-0.025396909288822454,0.0
2025-07-26,63.06993347043866,77.53762521346164,103.7404455459981,4.038867749396266,319.48824789529687,159048.74794768263,0.0,0.0,0.0,0.0,0.0,0.0,0.0014938337325078803,-0.08990900464856531,-0.020564093220866168,0.0
2025-07-27,63.06993347043866,77.53762521346164,103.7404455459981,4.038867749396266,319.48824789529687,159048.74794768263,0.0,0.0,0.0,0.0,0.0,0.0,0.0019111293431886556,-0.07389743616915075,-0.016681582519421197,0.03248110184781705
2025-07-28,65.15214764646305,76.39578618344518,103.44384508656854,4.048571950755197,319.5898860625167,159058.95809449704,0.0,0.0,0.03248110184781705,-0.014835765189657124,-0.0028631578305802208,0.009704201358931464,0.002212270403221047,-0.06368728935474065,-0.006848266270597417,0.0032378047599017634
2025-07-29,65.36343945645696,76.9503043823295,103.0325546695897,4.038074074788881,319.64177333024566,159039.7608318408,0.0,0.0,0.0032378047599017634,0.007232275878441108,-0.003983902871677714,-0.01049787596631635,0.0023516496500507393,-0.08288455201097532,0.03318735003718886,-0.023754466778214578
2025-07-30,63.82906211336954,75.061497664536,102.6118170510411,4.014776512006758,319.4472861718131,159067.0523039628,0.0,0.0,-0.023754466778214578,-0.024852069456914094,-0.004091901004488641,-0.023297562782122583,0.0021511407371605875,-0.02142830164998304,0.011964439829504098,-0.0033183498033029224
2025-07-31,63.617605994382465,75.58703268768586,102.44229713044577,4.004918180671777,319.4770528902963,159064.5159806981,0.0,0.0,-0.0033183498033029224,0.006976996772201538,-0.0016534168055226672,-0.009858331334981152,0.0023242458590910305,0.032969119078770745,0.008646090026201028,-0.0020812311502309555
2025-08-01,63.485340736114146,75.11884610141416,102.66311616899982,4.037998582224992,319.45618689892774,159077.96105750906,0.0,0.0,-0.0020812311502309555,-0.0062132691334495505,0.00215322570300458,0.03308040155321468,0.0025571794978569134,0.04175646586742369,0.00656485887597019,0.0
2025-08-02,63.485340736114146,75.11884610141416,102.66311616899982,4.037998582224992,319.45618689892774,159077.96105750906,0.0,0.0,0.0,0.0,0.0,0.0,0.0028579589240185295,0.056938721651386005,-0.025916242971847126,0.0
2025-08-03,63.485340736114146,75.11884610141416,102.66311616899982,4.037998582224992,319.45618689892774,159077.96105750906,0.0,0.0,0.0,0.0,0.0,0.0,0.0031949169175399987,0.04229405976153794,-0.029154047731748317,-0.022302628573456218
2025-08-04,62.085123068484975,75.37217439621291,102.11142277945494,4.051161569860658,319.53438162995565,159085.44742308132,0.0,0.0,-0.022302628573456218,0.0033666930191946776,-0.005388313676064627,0.013162987635666035,0.0033434476762225955,0.0497804253337963,-0.02770220952698989,0.008955026190808013
2025-08-05,62.64359379954274,76.80440478907431,102.01164185999518,4.085433224783072,319.6648980112107,159069.25423884945,0.0,0.0,0.008955026190808013,0.018823825469426403,-0.0009776546083477555,0.03427165492241446,0.003655552499026782,0.0335872411019227,-0.015428833532879174,-0.008352266848044465
2025-08-06,62.12255673707452,76.36346258259826,102.13283210254669,4.114024377599679,319.7593943885478,159070.5020033959,0.0,0.0,-0.008352266848044465,-0.005757649201023618,0.0011872989205707896,0.028591152816606957,0.0038865861248077596,0.009911322835076135,-0.021699869230692226,0.014378165222899142
2025-08-07,63.02221735745876,74.76384321406728,102.74214952753287,4.072762358987984,319.86050308076784,159068.46178436108,0.0,0.0,0.014378165222899142,-0.02116995470850469,0.005948205258310857,-0.041262018611694984,0.004058759471504318,0.03283483850696939,-0.007321704007793589,0.036209548515496515
2025-08-08,65.346041813896,74.67514901318953,103.56641564131866,4.0708761761762435,319.9306467992309,159091.1719958244,0.0,0.0,0.036209548515496515,-0.0011870290339928147,0.00799065709104596,-0.0018861828117406887,0.00424871970900329,0.03113982365228003,0.028887844507703438,0.0
2025-08-09,65.346041813896,74.67514901318953,103.56641564131866,4.0708761761762435,319.9306467992309,159091.1719958244,0.0,0.0,0.0,0.0,0.0,0.0,0.004299799038108824,0.029354551148950123,0.051190473081159364,0.0
2025-08-10,65.346041813896,74.67514901318953,103.56641564131866,4.0708761761762435,319.9306467992309,159091.1719958244,0.0,0.0,0.0,0.0,0.0,0.0,0.004273406957384669,0.01955355195744778,0.04223544689035166,0.0022938485510879403
2025-08-11,65.49610778573545,76.57080353045953,103.58374576320753,4.106871998492368,319.9465381776175,159111.59968962683,0.0,0.0,0.0022938485510879403,0.025068489543864203,0.0001673194151701196,0.035995822316124304,0.00421276422866315,0.039981245759874585,0.05288156228948303,0.028300506066329056
2025-08-12,67.37615849574466,77.70050255321199,103.12432443641949,4.0897378573044545,319.8646802524694,159157.80590012213,0.0,0.0,0.028300506066329056,0.014645876085295662,-0.004445129624850885,-0.017134141187913343,0.0038432502745806008,0.0861874562551675,0.06680390313291358,0.00890574372488473
2025-08-13,67.97887312393372,75.88801174716549,103.19515305022172,4.083419899353702,319.93267493108857,159143.7332774194,0.0,0.0,0.00890574372488473,-0.02360300128768955,0.0006865916630598434,-0.0063179579507526284,0.003589143960343551,0.09937182327805204,0.03950009834230203,0.003768237559445886
2025-08-14,68.23551691057938,76.70251766486716,103.34834079095386,4.141264531159116,319.9631852400288,159108.92600748036,0.0,0.0,0.003768237559445886,0.010675808738480619,0.00148334634968883,0.05784463180541444,0.0035044490205453117,0.060315789405693064,0.0432683359017471,-0.01149449934867075
2025-08-15,67.45567434211836,75.05111299848977,103.86700410617753,4.0922738263272445,319.8149688581851,159129.16441639466,0.0,0.0,-0.01149449934867075,-0.02176514460714163,0.00500604237241653,-0.048990704831871845,0.0025620597637160624,0.07842569159512641,0.03177383655307646,0.0
2025-08-16,67.45567434211836,75.05111299848977,103.86700410617753,4.0922738263272445,319.8149688581851,159129.16441639466,0.0,0.0,0.0,0.0,0.0,0.0,0.002170630796144694,0.07423211708609596,0.029479988001988963,0.0
2025-08-17,67.45567434211836,75.05111299848977,103.86700410617753,4.0922738263272445,319.8149688581851,159129.16441639466,0.0,0.0,0.0,0.0,0.0,0.0,0.0023594013627191122,0.07736304994495004,0.0011794819356598365,-0.017201139228771645
2025-08-18,66.30528228755402,74.50483954907487,103.95957705573313,4.110032359719414,319.8830687174721,159135.92816631446,0.0,0.0,-0.017201139228771645,-0.007305304396695078,0.0008908673294873992,0.017758533392169262,0.00248130285320615,0.08412679986475269,-0.024927401017996724,-0.0033131714922047806
2025-08-19,66.08596503495319,74.38414562416564,104.15627911060346,4.081758412333128,319.9727926496187,159140.98302879467,0.0,0.0,-0.0033131714922047806,-0.00162126098456028,0.0018903135692447393,-0.028273947386285414,0.0026721580727657067,0.08918166234495584,-0.03200881006964655,-0.024631988535210425
2025-08-20,64.4780210298413,71.96630670415026,103.78078400095013,4.052925545318252,320.05804031666554,159153.17411247533,0.0,0.0,-0.024631988535210425,-0.03304477563628261,-0.0036116266354131454,-0.028832867014876307,0.002680352096994358,0.07649922247885843,-0.04514629925618698,-0.03764951735192934
2025-08-21,62.09558486009253,70.84790149724932,103.62555810411672,4.058579892114841,320.0780952982334,159141.95676253515,0.0,0.0,-0.03764951735192934,-0.015662700299084342,-0.0014968291156378655,0.005654346796588605,0.0022507286521771955,0.07731789581268095,-0.08279581660811586,0.014228396456049452
2025-08-22,62.98542091773429,71.74017805663983,103.56323767310346,4.09194577808859,320.1109209361225,159118.64219421495,0.0,0.0,0.014228396456049452,0.012515607326599287,-0.0006015811102040303,0.03336588597374934,0.0018447612668394157,0.03356286553735845,-0.06856742015206622,0.0
2025-08-23,62.98542091773429,71.74017805663983,103.56323767310346,4.09194577808859,320.1109209361225,159118.64219421495,0.0,0.0,0.0,0.0,0.0,0.0,0.0017328990474742049,0.06695804927338031,-0.05136628092329512,0.0
2025-08-24,62.98542091773429,71.74017805663983,103.56323767310346,4.09194577808859,320.1109209361225,159118.64219421495,0.0,0.0,0.0,0.0,0.0,0.0,0.0018825718992586413,0.0698942465323198,-0.048053109431090424,0.0191738229781091
2025-08-25,64.20474441978298,70.89185928876704,104.84238973558845,4.11886658896635,319.9794389615676,159058.5808442968,0.0,0.0,0.0191738229781091,-0.011895346749280833,0.01227575417941651,0.026920810877760104,0.0014000025183320292,0.009832896614185302,-0.004247297917770123,-0.005817774782546081
2025-08-26,63.832300125782695,70.53248346923696,104.32134624954783,4.174619864170191,319.96773523032607,159039.90363491976,0.0,0.0,-0.005817774782546081,-0.005082245192791213,-0.0049821692213045665,0.05575327520384121,0.0012900783899841544,-0.008844312762870687,0.02758444465161266,0.010435239487389225
2025-08-27,64.50189306976829,70.34430859319885,104.4642285816581,4.177236869451406,319.95579001714117,159077.63746777474,0.0,0.0,0.010435239487389225,-0.002671483147755005,0.0013686994854067436,0.002617005281214446,0.0008823159453212363,0.018679373277700508,0.023791287682951794,-0.025167510284727967
2025-08-28,62.89879857736804,67.13854578371019,103.79895290831837,4.207759822350839,319.9671062999916,159102.44364660775,0.0,0.0,-0.025167510284727967,-0.046643547127636964,-0.006388819487527009,0.03052295289943352,0.0007045191724566265,0.06268281476694391,-0.0013762226017761832,0.002164669694893817
2025-08-29,63.035101172318186,65.88692999054865,103.71237344560957,4.189337937219604,319.996429342011,159095.4355498058,0.0,0.0,0.002164669694893817,-0.018818240964543875,-0.0008344553451991032,-0.018421885131234994,0.001338701928631858,0.028383245843026088,0.000788447093117764,0.0
2025-08-30,63.035101172318186,65.88692999054865,103.71237344560957,4.189337937219604,319.996429342011,159095.4355498058,0.0,0.0,0.0,0.0,0.0,0.0,0.0011856427746847623,0.030919569107703864,-0.01838537588499151,0.0
2025-08-31,63.035101172318186,65.88692999054865,103.71237344560957,4.189337937219604,319.996429342011,159095.4355498058,0.0,0.0,0.0,0.0,0.0,0.0,0.0012077754831581985,0.01747449229675112,-0.012567601102445548,0.008789226055917254
2025-09-01,63.59157282123277,65.326028012812,103.3934095686356,4.187730271753994,320.099129152327,159097.34715490352,0.0,0.0,0.008789226055917254,-0.008549542710520441,-0.0030802049514679908,-0.0016076654656105305,0.0014638577138633888,0.01938609739445383,-0.014213614533916513,0.02068799875900673
2025-09-02,64.92085791493906,64.99485337234897,103.98434102469001,4.182262687686084,320.1359256263405,159078.71091422494,0.0,0.0,0.02068799875900673,-0.005082460306204517,0.005699097938938635,-0.005467584067909925,0.0015168043056793794,0.0007498567158763762,0.03164189450981858,-0.0069326623064185355
2025-09-03,64.47234003824072,67.02318533163746,104.39153283999292,4.200687254844674,320.1570196983647,159074.36127536595,0.0,0.0,-0.0069326623064185355,0.03073052138161625,0.0039082483595800355,0.018424567158589866,0.001308747423678928,-0.011086147715366678,0.022544562508505273,0.0032473340553860197
2025-09-04,64.68204356810433,68.10122998470828,104.60008773104114,4.1473807085440155,320.15036619467196,159076.15454782892,0.0,0.0,0.0032473340553860197,0.01595666518632033,0.001995821265048825,-0.05330654630065812,0.0008516203974927953,0.006900308979471447,0.025791896563892035,0.0019914457000034247
2025-09-05,64.81098269065322,66.99886520224813,104.77027186971688,4.180674386661631,320.34970762654234,159064.7585422764,0.0,0.0,0.0019914457000034247,-0.01631959247417125,0.001625675921661518,0.033293678117615855,0.0011382267770795244,-0.00574346111950581,0.027783342263895488,0.0
2025-09-06,64.81098269065322,66.99886520224813,104.77027186971688,4.180674386661631,320.34970762654234,159064.7585422764,0.0,0.0,0.0,0.0,0.0,0.0,0.0007792920223815909,-0.003703242084680824,0.018994116207977776,0.0
2025-09-07,64.81098269065322,66.99886520224813,104.77027186971688,4.180674386661631,320.34970762654234,159064.7585422764,0.0,0.0,0.0,0.0,0.0,0.0,0.0005152538100828385,-0.0264134535480116,-0.0016938825510291547,-0.012802237010040685
2025-09-08,63.986545708433866,67.47260259418063,104.42248136352325,4.181980967625661,320.3820879315352,159095.20801025638,0.0,0.0,-0.012802237010040685,0.0070459460225889,-0.0033250752834677044,0.001306580964029358,0.0005632300385458737,0.004036014431971126,-0.007563457254651244,0.020960722999046055
2025-09-09,65.34190500109871,68.11631148061015,104.7980628512149,4.1301072544446145,320.45263449500504,159100.7895322822,0.0,0.0,0.020960722999046055,0.009495078960219061,0.003590296474425436,-0.05187371318104628,0.0007331829518199588,0.009617536457779352,0.010149931689008252,-0.033690675506533374
2025-09-10,63.17716265449402,69.06107249746117,104.84685525380506,4.126853769248542,320.45719678768353,159104.08289907107,0.0,0.0,-0.033690675506533374,0.013774514827972872,0.00046547661552853725,-0.003253485196072603,0.0006420473755749612,-0.007516790555760963,-0.02553218951752881,-0.025548821579162606
2025-09-11,61.58350531778471,68.98909402662377,104.61846478289505,4.151900439052614,320.4008297574311,159088.53071076673,0.0,0.0,-0.025548821579162606,-0.0010427872587506215,-0.002180700474697872,0.02504666980407233,0.0006732648148161694,-0.0692751893553941,-0.05108101109669083,-0.0035193122802317234
2025-09-12,61.367154657330154,70.059651201937,104.62313886047173,4.084637784865154,320.51152617855297,159060.81499627227,0.0,0.0,-0.0035193122802317234,0.015398604675135097,4.467636928939811e-05,-0.06726265418746014,0.0007613008099371711,-0.08291828114714007,-0.054600323376922465,0.0
2025-09-13,61.367154657330154,70.059651201937,104.62313886047173,4.084637784865154,320.51152617855297,159060.81499627227,0.0,0.0,0.0,0.0,0.0,0.0,0.0006282565830721509,-0.04811101120809326,-0.04179808636688115,0.0
2025-09-14,61.367154657330154,70.059651201937,104.62313886047173,4.084637784865154,320.51152617855297,159060.81499627227,0.0,0.0,0.0,0.0,0.0,0.0,0.0010424192067332546,-0.06834942012239481,-0.0627588093659273,-0.005922731343843246
2025-09-15,61.00476770657398,71.91335923902292,104.29635858318245,4.080679265115315,320.52356097302084,159081.78265060767,0.0,0.0,-0.005922731343843246,0.026115011319153503,-0.003128291497755953,-0.003958519749838629,0.0010277457318132565,-0.04738176578699495,-0.03499086520323747,-0.01967027674932531
2025-09-16,59.816512014965085,71.00757440331478,103.62825456216268,4.046851219925488,320.5659536760616,159151.2787652702,0.0,0.0,-0.01967027674932531,-0.012675497425918003,-0.006426428408317975,-0.03382804518982763,0.0010963606953415508,0.022114348875533325,-0.029112320373400127,0.012478646869941379
2025-09-17,60.56761779064687,70.71560409422001,104.06583992228508,4.084502590832665,320.60336568229604,159134.94189038608,0.0,0.0,0.012478646869941379,-0.0041202959918198445,0.004213754932985481,0.037651370907177295,0.0009342714657196495,-0.0009862759283860215,-0.013114361223227337,-0.018891255151851638
2025-09-18,59.43415940362725,70.73235233553748,104.35742786299275,4.082959809387065,320.5920186418709,159128.00851979884,0.0,0.0,-0.018891255151851638,0.00023681135901121309,0.0027980381849230795,-0.001542781445600383,0.0005656534076006784,-0.012974508995830547,-0.032005616375078746,-0.007915966804253216
2025-09-19,58.96553781430386,70.3999243647272,105.26654899887421,4.101764031162504,320.61250150132065,159124.08175033532,0.0,0.0,-0.007915966804253216,-0.004710879656493638,0.00867388215211129,0.018804221775439167,0.0003138422058947506,-0.029092362140014302,-0.03992158317933196,0.0
2025-09-20,58.96553781430386,70.3999243647272,105.26654899887421,4.101764031162504,320.61250150132065,159124.08175033532,0.0,0.0,0.0,0.0,0.0,0.0,0.00019317722155581438,-0.017875012199830963,-0.03399885183548816,0.0
2025-09-21,58.96553781430386,70.3999243647272,105.26654899887421,4.101764031162504,320.61250150132065,159124.08175033532,0.0,0.0,0.0,0.0,0.0,0.0,3.3808920789872056e-05,0.0054395561203709804,-0.014328575086163493,-0.01622063257034334
2025-09-22,58.01679489803213,71.97983177050558,105.55782816228262,4.0481806912939176,320.5011752343268,159139.22079151287,0.0,0.0,-0.01622063257034334,0.022193776679435118,0.002763241639028635,-0.05358333986858632,-0.000356737611801113,0.020578597297921077,-0.04302785452644847,0.018855036030619665
2025-09-23,59.12108162377662,72.08981098215293,106.39086138665816,4.030612606950962,320.4681280261225,159143.60366859805,0.0,0.0,0.018855036030619665,0.001526750964452539,0.007860747010647984,-0.017568084342955537,-0.000494815682734817,0.024961474383104358,-0.005281563343977309,-0.010482676021835502
2025-09-24,58.50457146269696,70.53922827503371,106.1187160706519,3.9762555089030345,320.5594916588731,159149.70822619027,0.0,0.0,-0.010482676021835502,-0.02174373194076651,-0.0025612536435835054,-0.05435709804792754,0.0001377086783103331,0.09112738189345691,-0.00784827256155916,-0.012086570078260195
2025-09-25,57.801708020413116,68.78545617838311,107.28968619029098,3.971529311978167,320.452996550342,159137.66728569352,0.0,0.0,-0.012086570078260195,-0.02517665466522967,0.010974093418454345,-0.00472619692486731,-0.00021875604462929426,0.09776365077376249,-0.019934842639819313,-0.00012514205597113914
2025-09-26,57.794475048416714,67.53406716464283,107.27314217688146,3.981930394922695,320.30846704711865,159127.34795306012,0.0,0.0,-0.00012514205597113914,-0.018360160540277448,-0.00015421136613635866,0.010401082944528017,-0.000684476930499008,0.04971048528538086,-0.020059984695790817,0.0
2025-09-27,57.794475048416714,67.53406716464283,107.27314217688146,3.981930394922695,320.30846704711865,159127.34795306012,0.0,0.0,0.0,0.0,0.0,0.0,-0.0007625062984380816,0.024904306452372113,-0.0038393521254470276,0.0
2025-09-28,57.794475048416714,67.53406716464283,107.27314217688146,3.981930394922695,320.30846704711865,159127.34795306012,0.0,0.0,0.0,0.0,0.0,0.0,-0.0009083617127197815,0.031912403254304084,-0.022694388156066638,-0.049365552545635794
2025-09-29,55.010695566181305,69.45955750643715,106.93411278395787,3.994254315391653,320.3641287812214,159109.94220492645,0.0,0.0,-0.049365552545635794,0.028112507518955887,-0.003165435979977538,0.012323920468957805,-0.0007984944231641236,0.014506655120640062,-0.061577264679867225,0.011630190653305839
2025-09-30,55.654215318697055,69.9983491865653,107.46457996616307,3.9745668059319295,320.43690351303036,159068.8910292407,0.0,0.0,0.011630190653305839,0.00772698190688903,0.004948428163065621,-0.01968750945972353,-0.0006728806764836931,-0.026544520565104902,-0.03786050394830131,-0.026649114647119276
2025-10-01,54.19066749455466,73.16602906292003,107.67161595811685,3.995204214573055,320.47092049963345,159121.35013542452,0.0,0.0,-0.026649114647119276,0.044259570684934246,0.0019246975617228657,0.02063740864112562,-0.0009834515449152889,0.024002980521006974,-0.06438447653944931,0.005960302413769103
2025-10-02,54.514624743358816,71.78934780981602,107.87398069101022,3.9701981337209706,320.48584091342366,159129.5821239736,0.0,0.0,0.005960302413769103,-0.018995123554040205,0.0018776982271653253,-0.025006080852084445,-0.0011801200415667273,0.05087120974867139,-0.058424174125680156,0.005970826642784477
2025-10-03,54.8410957983229,71.69367632766532,107.71184797904192,3.977699597314676,320.3994844243588,159095.78105572853,0.0,0.0,0.005970826642784477,-0.0013335584039184667,-0.0015041131741853064,0.007501463593705182,-0.0016381779733761538,0.021419780362572055,-0.05245334748289599,0.0
2025-10-04,54.8410957983229,71.69367632766532,107.71184797904192,3.977699597314676,320.3994844243588,159095.78105572853,0.0,0.0,0.0,0.0,0.0,0.0,-0.0017434238543825014,0.019626507899607532,-0.0030877949372603835,0.0
2025-10-05,54.8410957983229,71.69367632766532,107.71184797904192,3.977699597314676,320.3994844243588,159095.78105572853,0.0,0.0,0.0,0.0,0.0,0.0,-0.002472946573473537,0.031022513452131535,-0.014717985590566158,0.0009914150222201101
2025-10-06,54.895493045200666,70.42487748934813,107.22492293162503,3.9297784858033955,320.4024355524384,159112.84846765499,0.0,0.0,0.0009914150222201101,-0.017855973278630977,-0.004530875553343527,-0.04792111151128031,-0.0025692560392320965,0.04808992537859012,0.012922544078774214,-0.03285228797744644
2025-10-07,53.12135235178517,69.18081087895965,107.73961789412951,3.913460584904826,320.5470368610915,159115.5940842862,0.0,0.0,-0.03285228797744644,-0.017823049438526084,0.004788659041878418,-0.016317900898569437,-0.002231453749100165,0.050835542009794156,-0.025890046312441607,-0.01772837527478277
2025-10-08,52.18789586393511,69.30811514607997,107.46804701733551,3.9096909167056406,320.52553740661074,159151.0838252157,0.0,0.0,-0.01772837527478277,0.0018384762830008228,-0.0025238043547872735,-0.0037696681991854497,-0.0025070979588789786,0.05587581495931954,-0.04958924823000882,0.04244307277470494
2025-10-09,54.45058868362699,68.63182385135592,106.67896477467099,3.896638301487718,320.53463990648123,159111.36618596426,0.0,0.0,0.04244307277470494,-0.009805669314914667,-0.007369571093716054,-0.013052615217922447,-0.002801594546356867,0.01057665368207381,-0.007146175455303911,-0.003316597840766544
2025-10-10,54.27029712133806,68.93377428430267,106.04866228387075,3.910628096933987,320.63994174131267,159112.58488776104,0.0,0.0,-0.003316597840766544,0.004389919019809341,-0.005925928324615803,0.013989795446268882,-0.0025932779756634586,0.00850198868996813,-0.010462773296070274,0.0
2025-10-11,54.27029712133806,68.93377428430267,106.04866228387075,3.910628096933987,320.63994174131267,159112.58488776104,0.0,0.0,0.0,0.0,0.0,0.0,-0.002529729050232232,0.024054176994308365,-0.011454188318291226,0.0
2025-10-12,54.27029712133806,68.93377428430267,106.04866228387075,3.910628096933987,320.63994174131267,159112.58488776104,0.0,0.0,0.0,0.0,0.0,0.0,-0.002964583080976964,0.051769891488773284,0.021398099659155578,0.027937987114678098
2025-10-13,55.807878436977404,68.05977573912003,106.18666797538322,3.9748635781707655,320.59664579560956,159117.66161021654,0.0,0.0,0.027937987114678098,-0.012759876699313999,0.0013004970547978445,0.06423548123677847,-0.003181977223238001,0.05684661394427531,0.06706446204861626,-0.006246700704226171
2025-10-14,55.46034990688362,67.70941667920994,106.27696322400902,4.001772746463565,320.63229848194584,159127.45252694233,0.0,0.0,-0.006246700704226171,-0.00516110954746285,0.0008499831576109784,0.0269091682927991,-0.0031468219921449176,0.06663753067006474,0.0183746885696859,-0.0007418943788835008
2025-10-15,55.41921944415289,67.11561496158522,105.93798302491693,3.9723662267607596,320.75440225249355,159139.0212236025,0.0,0.0,-0.0007418943788835008,-0.008808535771601456,-0.003194690038451853,-0.029406519702805056,-0.002879535309156648,0.05723857299482916,0.020949392031568873,-0.003443380575972377
2025-10-16,55.228718152835484,66.763442152476,106.1613669164588,3.988552565576601,320.89902707471373,159139.13506375058,0.0,0.0,-0.003443380575972377,-0.00526107113408969,0.0021064088522582125,0.016186338815841417,-0.002648091887923565,-0.012143701519613387,0.01750601145559611,-0.009560340304004988
2025-10-17,54.7032287440039,68.81112676279767,106.06710986002845,4.040678686756472,320.787850445619,159147.67357531792,0.0,0.0,-0.009560340304004988,0.03020980049902633,-0.0008882602755244662,0.05212612117987092,-0.0031822594265132156,0.012731684931844938,0.00794567115159068,0.0
2025-10-18,54.7032287440039,68.81112676279767,106.06710986002845,4.040678686756472,320.787850445619,159147.67357531792,0.0,0.0,0.0,0.0,0.0,0.0,-0.0032301908617507293,0.01966505551908631,-0.019992315963086985,0.0
2025-10-19,54.7032287440039,68.81112676279767,106.06710986002845,4.040678686756472,320.787850445619,159147.67357531792,0.0,0.0,0.0,0.0,0.0,0.0,-0.0033700362249737157,0.02359182498260634,-0.013745615258861565,-0.006216024647688112
2025-10-20,54.36424677744463,69.6571628434445,106.15212681612604,4.018491760029827,320.7483661351026,159169.6020072109,0.0,0.0,-0.006216024647688112,0.01222007740921871,0.0008012182305163762,-0.02218692672664524,-0.003550947839368335,0.04552025687557761,-0.019219745527665713,0.029471607804078648
2025-10-21,55.99029192591027,69.78825934134358,106.21945932703336,3.9802024740839164,320.6893472507684,159162.01158880192,0.0,0.0,0.029471607804078648,0.001880255865956748,0.0006341009584778234,-0.0382892859459103,-0.003769657134869816,0.03792983846660354,0.013695242852385027,0.02860650278808219
2025-10-22,57.61510771497585,70.59865675940748,106.04818338092467,4.027760230638825,320.6727739458535,159209.25927392842,0.0,0.0,0.02860650278808219,0.01154532690582677,-0.001613773829061138,0.04755775655490879,-0.0035192303683503345,0.07003848241554805,0.05186208594447336,0.01845565544426364
2025-10-23,58.68830511027346,68.7736369790648,106.24840247369052,4.007281116002969,320.5450120453697,159241.05274929546,0.0,0.0,0.01845565544426364,-0.02619063018554524,0.0018862211214747404,-0.020479114635856277,-0.003849020249869684,0.09744908069740632,0.07031774138873627,-0.009212483151428863
2025-10-24,58.15012289185043,68.64618137235942,106.80911027249617,4.044012872746235,320.6140426511514,159214.3981279843,0.0,0.0,-0.009212483151428863,-0.0018549819783180155,0.005263452915245992,0.0367317567432659,-0.0039486652854050066,0.064689901794045,0.06110525823730806,0.0
2025-10-25,58.15012289185043,68.64618137235942,106.80911027249617,4.044012872746235,320.6140426511514,159214.3981279843,0.0,0.0,0.0,0.0,0.0,0.0,-0.003643284960465295,0.07673084229079541,0.06732128288499556,0.0
2025-10-26,58.15012289185043,68.64618137235942,106.80911027249617,4.044012872746235,320.6140426511514,159214.3981279843,0.0,0.0,0.0,0.0,0.0,0.0,-0.003223277873789665,0.08705017492419574,0.03784967508091749,-0.013411582756362783
2025-10-27,57.375444152196515,68.81754406908583,106.9513860588282,4.037004527117013,320.5281192764137,159248.35496569314,0.0,0.0,-0.013411582756362783,0.0024932073526038323,0.0013311702562761596,-0.007008345629222035,-0.003508580549660626,0.12100701263302471,-0.004168410463528181,0.007901696105196976
2025-10-28,57.83060337248559,68.80419298155849,107.2733349006093,4.050846568518359,320.488574435502,159242.86975576344,0.0,0.0,0.007901696105196976,-0.00019402585456873567,0.0030057136517340766,0.013842041401345817,-0.0036507573488050744,0.1155218027033261,-0.014722369802594639,-0.014263855900908062
2025-10-29,57.01157114463557,70.08985014063266,107.53571254005394,4.096971325334382,320.5035855221317,159260.06932969246,0.0,0.0,-0.014263855900908062,0.018513304829173016,0.002442893100210064,0.046124756816023016,-0.003784956979061908,0.15012712476600426,-0.019773742552073644,0.01359527017387574
2025-10-30,57.79195157894364,70.6875008347901,107.78739103129793,4.056751349819774,320.4829717516009,159265.14757279836,0.0,0.0,0.01359527017387574,0.008490773275097396,0.0023376832460915153,-0.04021997551460732,-0.004064621664607185,0.19625654355765437,-0.006178472378198311,-0.0026594747857604517
2025-10-31,57.63845953547755,70.4232222784972,107.5345652158359,4.042556985860009,320.5460732577639,159240.02157452563,0.0,0.0,-0.0026594747857604517,-0.003745695003935623,-0.0023483525420067153,-0.014194363959765255,-0.0039527279261224535,0.11867143910110463,-0.008837947163958462,0.0
2025-11-01,57.63845953547755,70.4232222784972,107.5345652158359,4.042556985860009,320.5460732577639,159240.02157452563,0.0,0.0,0.0,0.0,0.0,0.0,-0.003963096162797878,0.11043945055201766,0.004573635592404311,0.0
2025-11-02,57.63845953547755,70.4232222784972,107.5345652158359,4.042556985860009,320.5460732577639,159240.02157452563,0.0,0.0,0.0,0.0,0.0,0.0,-0.003658156908254691,0.14424051879710167,-0.0033280605127922617,0.00785256219458308
2025-11-03,58.092850856920855,70.0677977638881,107.79139063830358,4.014675603583839,320.5704748517786,159206.03499221074,0.0,0.0,0.00785256219458308,-0.005059757880248483,0.002385458299587917,-0.027881382276169653,-0.0035355276565605187,0.11025393648221507,0.018788357582698534,0.010784652024987018
2025-11-04,58.722752568694645,72.72181918582567,108.4535056594525,4.0604280167151,320.53841605945377,159193.00123035983,0.0,0.0,0.010784652024987018,0.03717815306131378,0.00612377079528148,0.045752413131260994,-0.0035743997160944266,0.0972201746313076,0.015977739433810118,-0.016818409785167354
2025-11-05,57.743388014538574,71.05976551792317,108.32680449191713,4.0127202268206394,320.63892038031275,159221.29823045467,0.0,0.0,-0.016818409785167354,-0.023120175051537295,-0.001168936255087516,-0.047707789894460895,-0.003209912382516629,0.10844976279968978,0.0018188044344020677,-0.02381194364675121
2025-11-06,56.384647045738376,69.81753830598105,108.50453238783274,4.054923238792389,320.6157734523754,159215.92598385914,0.0,0.0,-0.02381194364675121,-0.01763604747631753,0.0016393196507005214,0.04220301197174958,-0.003646228070940927,0.10033189957294962,-0.02199313921234862,0.04566868600166796
2025-11-07,59.01936391138977,69.91231657003215,108.55744291979853,4.095913239792821,320.61531900202357,159217.6077590816,0.0,0.0,0.04566868600166796,0.001356593101317749,0.000487515447500364,0.0409900010004316,-0.003490569723578811,0.06652393386591575,0.023675546789318908,0.0
2025-11-08,59.01936391138977,69.91231657003215,108.55744291979853,4.095913239792821,320.61531900202357,159217.6077590816,0.0,0.0,0.0,0.0,0.0,0.0,-0.0034253148378020257,0.10624157311735326,0.015822984594735513,0.0
2025-11-09,59.01936391138977,69.91231657003215,108.55744291979853,4.095913239792821,320.61531900202357,159217.6077590816,0.0,0.0,0.0,0.0,0.0,0.0,-0.003647484242153539,0.10502287132057245,0.005038332569748573,-0.022689692478851775
2025-11-10,57.69531067812684,70.65153972390168,108.70243172243279,4.153200144422018,320.60340334166364,159202.6643041953,0.0,0.0,-0.022689692478851775,0.010518066142338967,0.0013347041131925863,0.05728690462919772,-0.003585628201209083,0.09007941643425146,-0.0008329501239342179,0.02681311653527363
2025-11-11,59.263228208764204,70.91314849250998,108.8009346158079,4.151407236292945,320.53080332987315,159243.5868675744,0.0,0.0,0.02681311653527363,0.003695964999544721,0.0009057597752875068,-0.0017929081290732896,-0.0037100851024105983,0.13100197981335804,0.04979211005808986,-0.010280484434035841
2025-11-12,58.657094526028594,69.1714075502595,108.27118462274922,4.152519554917651,320.4988733580314,159217.44847356825,0.0,0.0,-0.010280484434035841,-0.02486827602939634,-0.004880875965098674,0.0011123186247061767,-0.003573114090767578,0.09978686335170642,-0.006157060377613889,0.02442609006823293
2025-11-13,60.10749975171064,70.68042494892039,107.95307712081735,4.1549267718750444,320.5880694325004,159229.95403487963,0.0,0.0,0.02442609006823293,0.02158106817814076,-0.002942387027910165,0.00240721695739321,-0.0033384205421150394,0.102501507937297,0.018269029690619075,0.0007050402395289979
2025-11-14,60.149892900414876,73.10909047261482,108.16394017949507,4.175475935604908,320.611029673791,159281.67540426992,0.0,0.0,0.0007050402395289979,0.03378405596745537,0.0019513791946925707,0.020549163729863373,-0.00357993996786908,0.1426541806674213,0.01897406993014828,0.0
2025-11-15,60.149892900414876,73.10909047261482,108.16394017949507,4.175475935604908,320.611029673791,159281.67540426992,0.0,0.0,0.0,0.0,0.0,0.0,-0.003938548861705119,0.1425403405193356,0.04166376240899935,0.0
2025-11-16,60.149892900414876,73.10909047261482,108.16394017949507,4.175475935604908,320.611029673791,159281.67540426992,0.0,0.0,0.0,0.0,0.0,0.0,-0.003504905209299558,0.13400182895199395,0.014850645873725893,0.005380067691174162
2025-11-17,60.47437548228137,72.47749882177793,108.21167513975514,4.175017215612466,320.4386117592817,159284.27620073708,0.0,0.0,0.005380067691174162,-0.008676563084863531,0.0004412231106920572,-0.0004587199924417362,-0.003927676854980233,0.1366026254191529,0.030511197998936077,-0.020364945751152774
2025-11-18,59.255273709964186,73.0358890729132,108.57237512925684,4.177499960067844,320.45785743256465,159309.9994601962,0.0,0.0,-0.020364945751152774,0.007674798863459564,0.0033277385667007664,0.0024827444553778832,-0.003751375253163506,0.16232588487828617,-0.014279837820449195,0.02439131160278496
2025-11-19,60.71835829504187,72.98219392674233,108.28519456363716,4.174094282268405,320.45489182655655,159336.5476140175,0.0,0.0,0.02439131160278496,-0.0007354588895864822,-0.002648565451552898,-0.0034056777994386778,-0.0035371014351928427,0.16694560680660653,0.009406433542806368,-0.012727391564779644
2025-11-20,59.95046895362759,72.13788407252274,107.93528312903065,4.135842875182793,320.4748350264763,159321.40998611116,0.0,0.0,-0.012727391564779644,-0.011636148387796474,-0.0032366198040501004,-0.038251407085612144,-0.0032101101470738856,0.15939839730923996,-0.00332095802197303,-0.029850218574226872
2025-11-21,58.187379566190714,73.12986012249621,107.41880985112175,4.138058028343675,320.4842244341445,159322.08982151005,0.0,0.0,-0.029850218574226872,0.01365742236124845,-0.004796512208795178,0.002215153160881833,-0.0030524367751348556,0.11283054758163052,-0.03317117659620043,0.0
2025-11-22,58.187379566190714,73.12986012249621,107.41880985112175,4.138058028343675,320.4842244341445,159322.08982151005,0.0,0.0,0.0,0.0,0.0,0.0,-0.0025827104173083613,0.08103707221458899,-0.038551244287374234,0.0
2025-11-23,58.187379566190714,73.12986012249621,107.41880985112175,4.138058028343675,320.4842244341445,159322.08982151005,0.0,0.0,0.0,0.0,0.0,0.0,-0.0027331041496262347,0.10769169352573227,-0.018186298536222112,0.017948228573670733
2025-11-24,59.24116848825252,72.29717152218339,107.2573136739502,4.17505991715659,320.4537540169586,159347.68943294574,0.0,0.0,0.017948228573670733,-0.011451759565857422,-0.0015045567712377306,0.037001888812914885,-0.002761315770059447,0.133291304961429,-0.02462938156533593,0.025293967195467282
2025-11-25,60.75872425528279,71.68252624585962,106.87098706381988,4.170693013923015,320.37147511811986,159312.45207780923,0.0,0.0,0.025293967195467282,-0.008537995560244482,-0.003608369636094011,-0.004366903233575137,-0.0029544315230352427,0.09805394982491271,0.013391977194911196,0.03378462143333838
2025-11-26,62.84650359132654,72.91149879953589,106.47395908914767,4.174076638825767,320.3192328035367,159324.09511733617,0.0,0.0,0.03378462143333838,0.0169993490206366,-0.0037219389553060367,0.003383624902752125,-0.0027938068831779555,0.07574015164302546,0.07702681720247685,0.006916635867261434
2025-11-27,63.2826967277948,72.3817541679876,106.894920839628,4.1892737276290175,320.37796574793845,159305.14120282064,0.0,0.0,0.006916635867261434,-0.007292107075169696,0.0039458640530254385,0.015197088803250658,-0.002418326026758429,0.06227144705719547,0.0839434530697384,0.005804637651620759
2025-11-28,63.65109803556474,73.70886099515829,106.95639304556687,4.20080330213374,320.3372549917541,159328.79257666643,0.0,0.0,0.005804637651620759,0.018168769190907597,0.0005749060551947238,0.011529574504722362,-0.002520564574095981,0.06872324697396834,0.08974809072135925,0.0
2025-11-29,63.65109803556474,73.70886099515829,106.95639304556687,4.20080330213374,320.3372549917541,159328.79257666643,0.0,0.0,0.0,0.0,0.0,0.0,-0.0023846412394329013,0.06364500386806321,0.07179986214768831,0.0
2025-11-30,63.65109803556474,73.70886099515829,106.95639304556687,4.20080330213374,320.3372549917541,159328.79257666643,0.0,0.0,0.0,0.0,0.0,0.0,-0.0024924820102137256,0.08877100214079837,0.04650589495222052,-0.01872208256527852
2025-12-01,62.47050300620293,71.66955144227708,106.91991350233798,4.220389558407103,320.35518033281477,159334.9100769373,0.0,0.0,-0.01872208256527852,-0.028057031234963503,-0.0003411274878590831,0.019586256273362856,-0.0023456669907375273,0.09488850241166073,-0.00600080904639669,-0.005639901460866348
2025-12-02,62.11916720597157,70.92077522817186,107.21358343848789,4.199800584141226,320.41224466049863,159353.45423837434,0.0,0.0,-0.005639901460866348,-0.010502579162815273,0.0027428695132716285,-0.020588974265876914,-0.002088679543938491,0.11343266384871095,-0.01855734637452478,-0.030706935730282936
2025-12-03,60.24066702642184,71.86597407616033,107.91179648548467,4.191850500914848,320.4299691244247,159345.7028633785,0.0,0.0,-0.030706935730282936,0.013239500991559794,0.006491242445813228,-0.007950083226377913,-0.002044158481736373,0.13966787116776685,-0.05506891975642793,0.0229662123383374
2025-12-04,61.64017617554057,71.6437242027962,109.01751123070864,4.181730197286865,320.45939075149045,159376.01270374638,0.0,0.0,0.0229662123383374,-0.003097352356121519,0.010194328583237322,-0.010120303627982885,-0.001782602428842354,0.18301147338654847,-0.0321027074180911,-0.015165212481918822
2025-12-05,60.71244222787377,69.92178211366995,109.25956745366476,4.207327368166399,320.5897596078709,159316.44732463948,0.0,0.0,-0.015165212481918822,-0.024328341886787896,0.002217881269420019,0.025597170879533948,-0.001633242064408432,0.09514909418480239,-0.04726791990000988,0.0
2025-12-06,60.71244222787377,69.92178211366995,109.25956745366476,4.207327368166399,320.5897596078709,159316.44732463948,0.0,0.0,0.0,0.0,0.0,0.0,-0.0015146531956787613,0.1005213407803385,-0.028545837334730834,0.0
2025-12-07,60.71244222787377,69.92178211366995,109.25956745366476,4.207327368166399,320.5897596078709,159316.44732463948,0.0,0.0,0.0,0.0,0.0,0.0,-0.0014635070646899099,0.09883956555786426,-0.022905935873864268,0.01183554574058121
2025-12-08,61.43527624454643,70.26552693858662,109.04004186834823,4.194452972112405,320.5402826351805,159293.42541026144,0.0,0.0,0.01183554574058121,0.004904088910254956,-0.002011232727330281,-0.012874396053994097,-0.0015556075060778386,0.07581765117982286,0.019636545596999403,-0.015661111797651728
2025-12-09,60.48062646561847,70.1198108583612,109.33561755436172,4.179032056059463,320.4674041538908,159301.88493311132,0.0,0.0,-0.015661111797651728,-0.002075945178363625,0.002707040402714078,-0.015420916052941713,-0.0017143011160642985,0.08427717402970301,-0.018990778538989256,-0.009316796009645856
2025-12-10,59.91975761371451,70.68429696419871,108.90245422534845,4.219040313641797,320.40662989850733,159336.9292219702,0.0,0.0,-0.009316796009645856,0.00801807757994677,-0.003969645573747904,0.040008257582333506,-0.0017903345589225387,0.13426491777491173,-0.013142362066716363,-0.019752227830101
2025-12-11,58.74782118981213,69.8615913814719,108.96376687634532,4.184583018033378,320.4374576377721,159374.73414284442,0.0,0.0,-0.019752227830101,-0.011707421530621431,0.0005628467993377129,-0.03445729560841837,-0.0013977757839406986,0.13114727527002107,-0.03289458989681721,0.008574177593018817
2025-12-12,59.25370109476227,68.21416066429937,109.17356510928438,4.19202751531934,320.4496357187722,159412.14243530182,0.0,0.0,0.008574177593018817,-0.023863841029148958,0.0019235432625626103,0.0074444972859613046,-0.0011979377838026383,0.1946939617335738,-0.024320412303798458,0.0
2025-12-13,59.25370109476227,68.21416066429937,109.17356510928438,4.19202751531934,320.4496357187722,159412.14243530182,0.0,0.0,0.0,0.0,0.0,0.0,-0.001389106936102591,0.1821884004221938,-0.03615595804437982,0.0
2025-12-14,59.25370109476227,68.21416066429937,109.17356510928438,4.19202751531934,320.4496357187722,159412.14243530182,0.0,0.0,0.0,0.0,0.0,0.0,-0.0013700310756082097,0.1304670310319052,-0.02049484624672799,0.012638337860787274
2025-12-15,60.00732161292499,67.26241768404998,109.84695068816964,4.2191749178250335,320.4823757046494,159424.755469461,0.0,0.0,0.012638337860787274,-0.014050526657008788,0.006149083324241467,0.02714740250569392,-0.0011762519641239904,0.14308006519108313,0.0014602876237053228,0.014246698206215491
2025-12-16,60.868346632551635,66.41833784122761,109.51973694256786,4.172855478106479,320.5766393035172,159384.48245905974,0.0,0.0,0.014246698206215491,-0.012628460351784554,-0.002983260510655228,-0.046319439718554456,-0.0008036038811417641,0.10280705478982417,0.035459213660021645,-0.01978707294402504
2025-12-17,59.67577785060142,65.33770981589319,109.99939596275458,4.223866488870135,320.5654524549252,159346.18649463943,0.0,0.0,-0.01978707294402504,-0.016403835364643626,0.0043700954646181955,0.05101101076365566,-0.0002492150240078391,0.061910293902357805,0.0070979631229778125,0.0006279431521614143
2025-12-18,59.713262614571306,65.3400724722674,110.01973730863519,4.2303705519040795,320.5559987415731,159354.18717225752,0.0,0.0,0.0006279431521614143,3.616003169160109e-05,0.0001849052456126543,0.006504063033944796,-0.00029128171685002997,0.04418771206130623,0.007725906275139254,-0.022172062667358716
2025-12-19,58.40386606618424,65.19202867950679,109.70554954361171,4.255324705862088,320.49968572889367,159393.33370348404,0.0,0.0,-0.022172062667358716,-0.0022683133869927374,-0.0028598254088922914,0.024954153958008263,-0.00040678362516398674,0.05678608946653549,-0.01444615639221962,0.0
2025-12-20,58.40386606618424,65.19202867950679,109.70554954361171,4.255324705862088,320.49968572889367,159393.33370348404,0.0,0.0,0.0,0.0,0.0,0.0,-0.0004193987078508302,0.07192371737287613,-0.027084494253006977,0.0
2025-12-21,58.40386606618424,65.19202867950679,109.70554954361171,4.255324705862088,320.49968572889367,159393.33370348404,0.0,0.0,0.0,0.0,0.0,0.0,-0.00040967132451954493,0.07124388197399094,-0.041331192459222454,0.007628639241091584
2025-12-22,58.851111860099124,64.52516456551868,109.8568172323503,4.316029745254221,320.54112081068746,159351.39950095877,0.0,0.0,0.007628639241091584,-0.010281905925253021,0.0013779020047284263,0.060705039392133564,-0.00024910233564318465,0.029309679448721,-0.013915480274105762,-0.0015051724764729713
2025-12-23,58.76259741777979,65.04267843729615,110.23935292771844,4.328153457921544,320.5891953733541,159342.35261623937,0.0,0.0,-0.0015051724764729713,0.007988349760584157,0.0034760812082819115,0.012123712667322373,-4.9599854334414517e-05,0.020262794729322194,-0.01604859590273964,-0.029280736764291326
2025-12-24,57.06693159170872,66.12373261519693,110.2684652395252,4.337781884105926,320.61965426637767,159341.03395972273,0.0,0.0,-0.029280736764291326,0.01648407771805882,0.00026404788925749045,0.0096284261843822,0.00017386220086155942,-0.006655473223014269,-0.023157269999672866,-0.03390251217978868
2025-12-25,55.1646475527558,64.8704550524289,110.26447009746269,4.370329458818423,320.5671017020001,159352.59153627764,0.0,0.0,-0.03390251217978868,-0.019135441458295155,-3.623170441002799e-05,0.03254757471249725,0.0002831735914858635,0.040139458468416704,-0.05705978217946095,0.0032559846076845034
2025-12-26,55.344555525931405,65.78068304002991,110.67422996251808,4.332646958888412,320.6005933863181,159355.43698275503,0.0,0.0,0.0032559846076845034,0.013933942374078079,0.0037092671836695956,-0.03768249993001138,0.0005572080102824875,0.031341865418857195,-0.05380379757177704,0.0
2025-12-27,55.344555525931405,65.78068304002991,110.67422996251808,4.332646958888412,320.6005933863181,159355.43698275503,0.0,0.0,0.0,0.0,0.0,0.0,0.0003830663604994511,0.05029577993438579,-0.06143243681286867,0.0
2025-12-28,55.344555525931405,65.78068304002991,110.67422996251808,4.332646958888412,320.6005933863181,159355.43698275503,0.0,0.0,0.0,0.0,0.0,0.0,0.0005211411802623486,0.02664440608859877,-0.05992726433639614,-0.016198736108115064
2025-12-29,54.45526580633815,64.24614059278514,111.14015374456339,4.37776686744375,320.69844271189254,159365.68882010228,0.0,0.0,-0.016198736108115064,-0.02360457103435376,0.004201030244318282,0.045119908555338206,0.0008348949418061302,0.036896243435854556,-0.046845263680218865,-0.018618210140730618
2025-12-30,53.45078604761729,64.4256893111964,110.88197857714118,4.310571366829411,320.6689500535189,159386.50914558917,0.0,0.0,-0.018618210140730618,0.002790802541333015,-0.002325671599398227,-0.06719550061433921,0.0007470267433868397,0.05771656892274041,-0.03156096164116136,0.0023868025315034735
2025-12-31,53.57851489019157,64.25475307762818,111.5693213056014,4.311432398450042,320.6831793575921,159363.86254025815,0.0,0.0,0.0023868025315034735,-0.002656757016668898,0.006179733867488935,0.0008610316206310031,0.0007377359038640267,0.0289524633208639,-0.03243014371734203,0.005912496081751151
2026-01-01,53.8962359863503,65.59254456175651,111.32865198193929,4.338917097001693,320.8836803659878,159366.52589869086,0.0,0.0,0.005912496081751151,0.02060634061715305,-0.0021594581021782133,0.027484698551651476,0.0011614151806630096,0.013071660316520137,-0.026517647635590873,-0.004569337063731194
2026-01-02,53.65052770714433,64.06126338112094,110.77025233050931,4.390903787489169,320.92486555648026,159372.48396129027,0.0,0.0,-0.004569337063731194,-0.023622173690844406,-0.0050283978639402704,0.051986690487475506,0.001209002847209321,0.026781097911763935,-0.03108698469932189,0.0
2026-01-03,53.65052770714433,64.06126338112094,110.77025233050931,4.390903787489169,320.92486555648026,159372.48396129027,0.0,0.0,0.0,0.0,0.0,0.0,0.0010738041537841525,-0.0035287424561101944,-0.014888248591207093,0.0
2026-01-04,53.65052770714433,64.06126338112094,110.77025233050931,4.390903787489169,320.92486555648026,159372.48396129027,0.0,0.0,0.0,0.0,0.0,0.0,0.0006371869442220049,0.05603663665079512,0.0037299615495233356,-0.016059387741928166
2026-01-05,52.79581453467056,62.82259492295334,110.89344696945525,4.385744530763822,320.81686694219604,159329.50841209563,0.0,0.0,-0.016059387741928166,-0.019525065295939115,0.0011115455712351618,-0.005159256725346673,0.0002972309192120474,0.013061087456153473,-0.014716228723908152,-0.012463578255103691
2026-01-06,52.14187345686251,62.1255489085951,111.10975627796293,4.346733824934,320.8087491890588,159344.14523099188,0.0,0.0,-0.012463578255103691,-0.01115748060280275,0.001948705007815299,-0.039010705829822356,0.000264063418410343,0.02769790635240497,-0.03309230306076271,0.007658883399409344
2026-01-07,52.54275517948935,63.26585856156662,111.2892262216408,4.367823612122939,320.81535664451394,159365.20407810583,0.0,0.0,0.007658883399409344,0.018188504498082736,0.0016139460767137237,0.021089787188938836,0.0004190618450854148,0.07177866784439539,-0.020864082597622773,-0.0037429570370708376
2026-01-08,52.34645750030606,62.00106448355279,111.56725651470607,4.406063231723118,320.7964523249012,159371.68991860427,0.0,0.0,-0.0037429570370708376,-0.02019427043940336,0.002495152341074558,0.038239619600179076,0.0005724713540387283,0.0698049854929559,-0.024607039634693347,0.017714170177077992
2026-01-09,53.28199321254672,59.49179242312304,111.82175824386734,4.455981036827871,320.79383623737596,159366.4690046307,0.0,0.0,0.017714170177077992,-0.04131319341913908,0.002278552860323302,0.0499178051047533,0.0007387844764962903,0.029539782660489435,-0.006892869457615608,0.0
2026-01-10,53.28199321254672,59.49179242312304,111.82175824386734,4.455981036827871,320.79383623737596,159366.4690046307,0.0,0.0,0.0,0.0,0.0,0.0,0.0006187612050682375,-0.008265138213726458,0.00916651828431274,0.0
2026-01-11,53.28199321254672,59.49179242312304,111.82175824386734,4.455981036827871,320.79383623737596,159366.4690046307,0.0,0.0,0.0,0.0,0.0,0.0,0.0005537767572603085,-0.04567343067112961,0.021630096539416225,-0.015920975228550294
2026-01-12,52.44040911507394,59.34411816501456,112.23966949868154,4.4005873391052415,320.87935038358154,159387.4318065547,0.0,0.0,-0.015920975228550294,-0.0024853486356510857,0.003730331843732948,-0.055393697722629476,0.0007885130432523887,-0.024710628747125155,-0.0019497620885428034,-0.0023763477039149272
2026-01-13,52.31594041830504,59.40535603205883,112.16735187609473,4.388221479644712,320.75113577897196,159342.4538131436,0.0,0.0,-0.0023763477039149272,0.0010313792610334716,-0.000644521946303378,-0.012365859460529371,0.00038105608943869165,-0.06968862215822447,-0.0005831527553872627,0.014254464720065751
2026-01-14,53.06701652166523,58.089788262352215,111.78273710067658,4.39582316061641,320.6866938808027,159304.09967738835,0.0,0.0,0.014254464720065751,-0.022394504188786968,-0.0034348292096462174,0.007601680971697888,9.108909713074391e-05,-0.12065579207264818,-0.004042858212399415,0.011965320266526192
2026-01-15,53.70579433944609,57.625476486158995,111.85669267704499,4.396330813597951,320.77290810234905,159321.024250828,0.0,0.0,0.011965320266526192,-0.008025116981809077,0.0006613822896772703,0.0005076529815406516,6.456648968466614e-05,-0.06345820823175018,0.007922462054127017,0.002800435031364401
2026-01-16,53.8564047161597,57.32523711822748,112.19843790709228,4.434561097127401,320.725076517936,159321.7066028345,0.0,0.0,0.002800435031364401,-0.00522380490324359,0.003050548266181785,0.038230283529450126,-4.596425888936384e-05,-0.024479891804920044,0.010722897085491302,0.0
2026-01-17,53.8564047161597,57.32523711822748,112.19843790709228,4.434561097127401,320.725076517936,159321.7066028345,0.0,0.0,0.0,0.0,0.0,0.0,-1.5809529814773526e-05,-0.032480569423001725,0.02664387231404126,0.0
2026-01-18,53.8564047161597,57.32523711822748,112.19843790709228,4.434561097127401,320.725076517936,159321.7066028345,0.0,0.0,0.0,0.0,0.0,0.0,0.0001506780944026861,-0.07162710064952262,0.029020220017956486,0.012764568117443087
2026-01-19,54.54826471582067,57.578719778526356,112.06740935518307,4.387943151435548,320.7490015482225,159340.53993469896,0.0,0.0,0.012764568117443087,0.004412086029870643,-0.0011685111078465482,-0.04661794569185318,0.00020739742370570562,-0.05279376878507901,0.027530323415333933,-0.01969270318077898
2026-01-20,53.484569818764804,56.387171384420895,112.30574044271441,4.406777083777133,320.7022898818473,159359.45964043905,0.0,0.0,-0.01969270318077898,-0.020911376240991153,0.0021244179830022247,0.018833932341585147,5.842801147809551e-05,-0.03387406304499018,-0.004127700031971571,-0.0019028426357694528
2026-01-21,53.38289386630565,54.84962008011896,112.8667545885085,4.41580896781614,320.8013233028909,159383.21627379206,0.0,0.0,-0.0019028426357694528,-0.027646414736020475,0.004982982549027071,0.009031884039007565,0.00021897586265926894,0.03181677283329191,-0.008830977699105624,-0.02666696535524604
2026-01-22,51.97814749157189,55.42992701423249,113.15472818152865,4.439063573202317,320.8002040504577,159378.36199537374,0.0,0.0,-0.02666696535524604,0.01052438653871679,0.0025481980324704168,0.023254605386176408,4.914005908157604e-05,0.03600937913436792,-0.03549794305435144,0.045268114758115985
2026-01-23,54.385169894721486,54.81732153964018,113.78764047910393,4.42810568386745,320.7792825982153,159349.66370304083,0.0,0.0,0.045268114758115985,-0.011113416212300997,0.005577750353126021,-0.010957889334866522,-0.00011101962124347253,0.008629743318102555,0.009770171703764598,0.0
2026-01-24,54.385169894721486,54.81732153964018,113.78764047910393,4.42810568386745,320.7792825982153,159349.66370304083,0.0,0.0,0.0,0.0,0.0,0.0,6.273387125642631e-05,-0.0029278332368121484,-0.0029943964136786533,0.0
2026-01-25,54.385169894721486,54.81732153964018,113.78764047910393,4.42810568386745,320.7792825982153,159349.66370304083,0.0,0.0,0.0,0.0,0.0,0.0,-3.7519937274621594e-05,-0.005773279714194359,0.01669830676710045,-0.039502113144495254
2026-01-26,52.27871928986518,54.18789989559165,113.51261673106436,4.396744283226601,320.7408510642617,159354.51068265317,0.0,0.0,-0.039502113144495254,-0.011548596135972033,-0.0024199170350849286,-0.03136140064084891,-0.00015323172783908716,-0.000926300101855304,-0.02090096374162514,0.0019345179997061202
2026-01-27,52.37995129933469,52.98759279894995,113.49559280456333,4.381984574498477,320.62990454981207,159352.72496839945,0.0,0.0,0.0019345179997061202,-0.02239984634911485,-0.0001499851178756728,-0.014759708728123933,-0.0004878239087322063,-0.0027120143555803226,0.007700519613326855,0.012735057981310582
2026-01-28,53.05127863943055,53.55709880901361,113.48948242982064,4.350760772268684,320.51179749900433,159320.23928101224,0.0,0.0,0.012735057981310582,0.010690564221291776,-5.3839440657732496e-05,-0.031223802229793485,-0.0011370373441615105,-0.04544953909004107,-0.024832537163478382,0.0011202732494894896
2026-01-29,53.11074387017601,54.281735364016626,112.52169534047698,4.3560830088122255,320.48715730492194,159295.12650931592,0.0,0.0,0.0011202732494894896,0.013439452817681996,-0.008564116288459545,0.005322236543541692,-0.0010952341646202363,-0.09138263627325069,-0.023712263913989246,-0.02546857447234574
2026-01-30,51.77516872459633,53.42447813931245,112.68739809417556,4.355350027842742,320.5272368012509,159304.4985927358,0.0,0.0,-0.02546857447234574,-0.015918771994299252,0.001471546118082756,-0.0007329809694835987,-0.00099211554112086,-0.05936394752236083,-0.04918083838633468,0.0
2026-01-31,51.77516872459633,53.42447813931245,112.68739809417556,4.355350027842742,320.5272368012509,159304.4985927358,0.0,0.0,0.0,0.0,0.0,0.0,-0.0015643188679122844,-0.06202730595506728,-0.009678725241839416,0.0
2026-02-01,51.77516872459633,53.42447813931245,112.68739809417556,4.355350027842742,320.5272368012509,159304.4985927358,0.0,0.0,0.0,0.0,0.0,0.0,-0.0016333542114693141,-0.06798536855448037,-0.011613243241545564,0.0023461410077709743
2026-02-02,51.89678317766877,53.88204470917579,113.81198334024708,4.398844694500118,320.53713594592443,159277.67435973606,0.0,0.0,0.0023461410077709743,0.008528267080126106,0.009930221267249628,0.043494666657376335,-0.0015477164478926515,-0.09480960155421053,-0.022002160215085685,-0.00996309697296116
2026-02-03,51.38229768450173,53.59008579606498,114.01862938575692,4.384821840045145,320.63121291910176,159292.37693928098,0.0,0.0,-0.00996309697296116,-0.005433215661637458,0.0018140328001141626,-0.0140228544549732,-0.0011994204510572463,-0.08010702200929518,-0.03308553043753592,0.006152346988929747
2026-02-04,51.69939385155975,53.410820861470086,113.67683448311638,4.377750879544812,320.59592261749333,159261.82718525743,0.0,0.0,0.006152346988929747,-0.003350721183903005,-0.003002213162769607,-0.007070960500333179,-0.0009429703791343706,-0.06768122683820547,-0.0014646089762606126,0.02955331263255312
2026-02-05,53.25008334416785,52.87097121571022,113.9386316578373,4.414092479125941,320.572851379551,159250.7245624292,0.0,0.0,0.02955331263255312,-0.01015892333155799,0.002300347112639045,0.036341599581128925,-0.0009557315642888753,-0.09342066856267048,0.028088703656292225,-0.025924261350018796
2026-02-06,51.88735445617269,51.4267469343484,113.3792939170876,4.384782404227041,320.570855344347,159282.3696292482,0.0,0.0,-0.025924261350018796,-0.02769603447257385,-0.004921203360295223,-0.02931007489890014,-0.0009487187016322673,-0.08283444885764038,0.0021644423062736977,0.0
2026-02-07,51.88735445617269,51.4267469343484,113.3792939170876,4.384782404227041,320.570855344347,159282.3696292482,0.0,0.0,0.0,0.0,0.0,0.0,-0.0008689408948160838,-0.08932028935608105,-0.00018169870149702003,0.0
2026-02-08,51.88735445617269,51.4267469343484,113.3792939170876,4.384782404227041,320.570855344347,159282.3696292482,0.0,0.0,0.0,0.0,0.0,0.0,-0.0008414088692295541,-0.08409937538250233,0.009781398271464112,0.015718162148606662
2026-02-09,52.70937168307017,51.36585067508041,113.44341984803985,4.372927996797149,320.5585177483005,159281.1109725567,0.0,0.0,0.015718162148606662,-0.001184837581853948,0.0005654277880404734,-0.011854407429892078,-0.0008667519043138117,-0.08535803207400022,0.01934721343114129,0.002371580462976919
2026-02-10,52.8345245455522,51.439007557603674,113.75672290677377,4.393890492161021,320.5036599078512,159296.62270502048,0.0,0.0,0.002371580462976919,0.0014232186324552032,0.0027579494759502055,0.020962495363872513,-0.0010177538122864926,-0.0698462996102171,-0.007834518738435155,0.012443854363511697
2026-02-11,53.49609739546268,49.29567670137182,113.8353126374997,4.387565033314508,320.6147733869407,159302.10202081685,0.0,0.0,0.012443854363511697,-0.04256040302039965,0.0006906193677789219,-0.006325458846513143,-0.0009148267983763521,-0.0853297857378493,0.030533596975095653,-0.019986341376242667
2026-02-12,52.43751991358545,49.33308641201217,113.07757490546507,4.362569393035794,320.5788979073251,159306.85388962264,0.0,0.0,-0.019986341376242667,0.0007585964023770764,-0.006678691164758277,-0.02499564027871415,-0.0006242711542558214,-0.03559992352096015,0.010547255598852738,0.015250477769787718
2026-02-13,53.243346144845184,49.037030258486766,113.94615354517747,4.400396191802575,320.5833654166464,159306.6138149005,0.0,0.0,0.015250477769787718,-0.006019247662225169,0.007651912720348264,0.03782679876678152,-0.000428678152963069,0.0025141375121602322,0.025797733368640184,0.0
2026-02-14,53.243346144845184,49.037030258486766,113.94615354517747,4.400396191802575,320.5833654166464,159306.6138149005,0.0,0.0,0.0,0.0,0.0,0.0,-0.0006960382937455748,-0.014410435927478829,0.010079571220033376,0.0
2026-02-15,53.243346144845184,49.037030258486766,113.94615354517747,4.400396191802575,320.5833654166464,159306.6138149005,0.0,0.0,0.0,0.0,0.0,0.0,-0.0005685713952204889,-0.015092787934001536,0.007707990757056756,-0.004359973444606258
2026-02-16,53.01171189607339,48.596609052167416,113.73495748427948,4.417566410929738,320.56754812663826,159326.53183398736,0.0,0.0,-0.004359973444606258,-0.009021976376258678,-0.0018551922951930422,0.017170219127162767,-0.0006358213602476904,0.004825231152848573,-0.009095837051061243,-0.008613531305297517
2026-02-17,52.55705476883339,48.544784662793575,113.64291706585,4.442596407959535,320.59901966779717,159338.1366075758,0.0,0.0,-0.008613531305297517,-0.0010669888974952357,-0.0008095811752895088,0.02502999702979647,-0.0005551074813967031,0.016430004741298035,0.0022769730198839632,0.034916800822132554
2026-02-18,54.42459348525979,48.03345457993684,113.31440152492488,4.453970582644888,320.54761130707857,159351.57569949218,0.0,0.0,0.034916800822132554,-0.010589028433426684,-0.002894956394439596,0.011374174685353289,-0.0007913142726830931,0.011035764793225098,0.021943296072229,0.02242033026696877
2026-02-19,55.65859248755393,47.17122434015117,113.95297020100746,4.464901745547015,320.52233979373517,159370.92750659178,0.0,0.0,0.02242033026696877,-0.01811368568545557,0.005619551559012059,0.010931162902126701,-0.0007254481930396499,0.011467866152728675,0.044363626339197694,0.023680099881060457
2026-02-20,56.992322625138144,47.058032907697125,112.69895436177251,4.490457691139551,320.5440590777088,159365.39613490435,0.0,0.0,0.023680099881060457,-0.0024024701075608945,-0.011065678244158939,0.02555594559253649,-0.0009458478122082855,-0.01782013888770598,0.06804372622025807,0.0
2026-02-21,56.992322625138144,47.058032907697125,112.69895436177251,4.490457691139551,320.5440590777088,159365.39613490435,0.0,0.0,0.0,0.0,0.0,0.0,-0.000929230355964387,-0.012965860469383188,0.07240369966486415,0.0
2026-02-22,56.992322625138144,47.058032907697125,112.69895436177251,4.490457691139551,320.5440590777088,159365.39613490435,0.0,0.0,0.0,0.0,0.0,0.0,-0.0008562756512994799,0.015732431863521926,0.0810172309701616,-0.025899569904944464
2026-02-23,55.53519689701771,47.04467629089886,112.67057242570098,4.469989531620857,320.6451000861822,159334.8585374489,0.0,0.0,-0.025899569904944464,-0.0002838731637315739,-0.00025187022066486264,-0.020468159518694407,-0.0005525795949352282,-0.01480516559194075,0.0202008602430843,0.00782893524546413
2026-02-24,55.971684745478704,47.01725476372433,112.08690042795217,4.503455767719737,320.67261113366953,159331.8427934757,0.0,0.0,0.00782893524546413,-0.0005830526259438251,-0.005193805593322942,0.033466236098880664,-0.0004774702456011489,-0.017820909565140028,0.005609465221580361,0.012277104041037212
2026-02-25,56.66309048811557,47.47990540046867,112.48821890341874,4.507382675382004,320.56869772639135,159342.55758183048,0.0,0.0,0.012277104041037212,0.009791920362026918,0.0035740281813412267,0.0039269076622669985,-0.0006752740070482248,-0.01195310082269134,-0.005793530618442788,0.02195735617153005
2026-02-26,57.92102203356842,47.00808939987159,112.55489631334918,4.461627086680816,320.4042084837787,159341.3141591657,0.0,0.0,0.02195735617153005,-0.009986875540618279,0.0005925745545898309,-0.04575558870118801,-0.0008362814634687391,-0.011410809233755571,0.016163825553087166,0.010042834025171032
2026-02-27,58.50564396124669,47.54279464120602,113.75553789896607,4.43753216239448,320.44576150175004,159316.63450275926,0.0,0.0,0.010042834025171032,0.01131054346190652,0.010610671615115308,-0.024094924286336195,-0.0003466925528670487,-0.0036047782529785763,0.026206659578258167,0.0
2026-02-28,58.50564396124669,47.54279464120602,113.75553789896607,4.43753216239448,320.44576150175004,159316.63450275926,0.0,0.0,0.0,0.0,0.0,0.0,-0.0002872423171116393,0.021507993443345187,0.05210622948320319,0.0
2026-03-01,58.50564396124669,47.54279464120602,113.75553789896607,4.43753216239448,320.44576150175004,159316.63450275926,0.0,0.0,0.0,0.0,0.0,0.0,-0.0004236524356953467,0.012135910023469478,0.0442772942377383,0.0004879850580392642
2026-03-02,58.53420080840139,48.184863178500905,112.8017372737386,4.468251131332539,320.5045523416019,159325.23614421615,0.0,0.0,0.0004879850580392642,0.01341468454246142,-0.008420001163778501,0.03071896893805892,-0.00025179506581920845,0.02073755148035707,0.032488175254739855,0.00010651339460743259
2026-03-03,58.540435816880205,49.188569518140916,112.90822931861533,4.503852651758393,320.5613069586222,159280.5889791182,0.0,0.0,0.00010651339460743259,0.020616339843897435,0.0009436185241300521,0.03560152042585418,-9.288723997787906e-05,-0.023909613617579453,0.010637332477817665,0.009995802998420622
2026-03-04,59.12852881497029,48.004297273684784,112.58720556924379,4.503819236669866,320.5365230420263,159300.53609579935,0.0,0.0,0.009995802998420622,-0.024370736203410903,-0.002847276854266667,-3.34150885272777e-05,-0.00020924968194263593,0.022861736063292483,0.010590301451067301,0.03303953357015743
2026-03-05,61.11473887731706,47.90543935507651,112.4233318645418,4.492657735520345,320.575736026616,159302.15265317762,0.0,0.0,0.03303953357015743,-0.0020614789924944255,-0.0014565871940437347,-0.011161501149520525,-0.00037970471734097104,0.009775713896640809,0.04362983502122437,0.02417244365216753
2026-03-06,62.610031084014004,47.132856262741704,111.53721547114363,4.509189589498435,320.60612462102785,159316.09456209745,0.0,0.0,0.02417244365216753,-0.016258711424106398,-0.007913188531451176,0.01653185397808965,-0.00017862410167892215,0.05426737684002728,0.06780227867339217,0.0
2026-03-07,62.610031084014004,47.132856262741704,111.53721547114363,4.509189589498435,320.60612462102785,159316.09456209745,0.0,0.0,0.0,0.0,0.0,0.0,-0.00011276980227620988,0.06536999966824078,0.06731429361535356,0.0
2026-03-08,62.610031084014004,47.132856262741704,111.53721547114363,4.509189589498435,320.60612462102785,159316.09456209745,0.0,0.0,0.0,0.0,0.0,0.0,-0.00011801237553026682,0.033724932849261674,0.06720778022074586,0.015628504670129217
2026-03-09,63.59621849150507,46.269390647631916,111.38879832842754,4.503310690315092,320.5973320019913,159314.1334037123,0.0,0.0,0.015628504670129217,-0.018489709678360722,-0.0013315374201061658,-0.005878899183342945,-0.00016357753382044703,0.03176377446411061,0.07284048189245355,-0.006150907915758452
2026-03-10,63.206244584081624,44.72199686742881,111.55001658899539,4.498164251677395,320.757541877354,159331.28374949188,0.0,0.0,-0.006150907915758452,-0.03401515282023437,0.0014463007595191257,-0.005146438637696704,0.0002962958092313173,0.048914120243687645,0.033650040406538614,-0.010933418359171831
2026-03-11,62.51894836426708,45.73579737689298,111.07313495438946,4.448508767217671,320.7173114330963,159345.1353189486,0.0,0.0,-0.010933418359171831,0.022415823155237824,-0.004284211778593949,-0.04965548445972434,0.00018307544040582584,0.06402434639190324,-0.0014558216048012728,-0.01844006776581164
2026-03-12,61.37665903422698,45.96995067496793,110.45450925477137,4.464980330769573,320.86135480720526,159351.92623427062,0.0,0.0,-0.01844006776581164,0.005106633158712182,-0.005585102571832756,0.016471563551902157,0.0007614203492446088,0.05530352925014449,-0.019895889370613176,-0.0002935946313513682
2026-03-13,61.35864182165213,46.22720441225888,110.41236779238473,4.501771680154686,320.86552424408467,159348.89648507393,0.0,0.0,-0.0002935946313513682,0.005580528047092859,-0.00038160056828218103,0.03679134938511286,0.00038698988579092636,0.04679446425708011,-0.020189484001964294,0.0
2026-03-14,61.35864182165213,46.22720441225888,110.41236779238473,4.501771680154686,320.86552424408467,159348.89648507393,0.0,0.0,0.0,0.0,0.0,0.0,0.0004523842188521273,0.04204259545129025,-0.03581798867209287,0.0
2026-03-15,61.35864182165213,46.22720441225888,110.41236779238473,4.501771680154686,320.86552424408467,159348.89648507393,0.0,0.0,0.0,0.0,0.0,0.0,0.0003957087624228565,0.04228267017341568,-0.029667080756334903,0.009001007164379793
2026-03-16,61.913424451884254,45.663815806672716,110.6554624286149,4.460270036686338,320.8752592580934,159338.4555703584,0.0,0.0,0.009001007164379793,-0.012262257261352882,0.002199277334661076,-0.04150164346834817,0.0003921488282999652,0.03184175545789185,-0.009732655232783076,0.016571589160531808
2026-03-17,62.94797669740136,46.45050094968844,110.7732370842226,4.447791294680913,320.884568442487,159361.64777770216,0.0,0.0,0.016571589160531808,0.017081042289508908,0.0010637705678897547,-0.01247874200542487,0.000403062345282527,0.0550339628016518,0.025279001693560475,-0.0007811476928694105
2026-03-18,62.89882423080069,46.20564388492046,110.62990119993981,4.473758628105732,320.8935715630939,159357.71621271223,0.0,0.0,-0.0007811476928694105,-0.0052852972719446,-0.001294795597016396,0.02596733342481894,0.00045684210874899673,0.03118437872486538,0.0247914486320422,-0.005754840932265637
2026-03-19,62.537891055153096,46.31241409355007,110.73714679360319,4.499827307671617,321.0191897246481,159337.8161030097,0.0,0.0,-0.005754840932265637,0.00230809548670452,0.000968939171625216,0.026068679565884878,0.0007113621272946125,-0.0003205045661015902,0.019036607699776262,-0.01373081744792426
2026-03-20,61.68506310094926,46.81370925198197,111.27445461069708,4.558209935879955,321.0485712256398,159328.35986414677,0.0,0.0,-0.01373081744792426,0.010766044637349648,0.004840367465038575,0.05838262820833773,0.0009140925232630289,-0.023215835345414236,0.005305790251852058,0.0
2026-03-21,61.68506310094926,46.81370925198197,111.27445461069708,4.558209935879955,321.0485712256398,159328.35986414677,0.0,0.0,0.0,0.0,0.0,0.0,0.0009399384438117793,-0.04256764244500664,-0.003695216912527793,0.0
2026-03-22,61.68506310094926,46.81370925198197,111.27445461069708,4.558209935879955,321.0485712256398,159328.35986414677,0.0,0.0,0.0,0.0,0.0,0.0,0.000825522812314398,-0.03703627075758414,-0.020266806073059557,0.013653045963516242
2026-03-23,62.53302757965633,47.308681436253345,110.83811951192358,4.522812914488469,321.17082604086255,159325.69608953773,0.0,0.0,0.013653045963516242,0.010517725773168785,-0.003928959553916478,-0.035397021391485595,0.0011526688424866225,-0.039700045366626,-0.005832612416673379,0.00866191363948765
2026-03-24,63.077035939531925,46.885643635427435,110.06377809726722,4.5340030241221445,321.2368208887861,159329.19870073735,0.0,0.0,0.00866191363948765,-0.00898229579716281,-0.00701075540457019,0.011190109633675505,0.001303782217570489,-0.036197434166999304,0.008584142155079588,0.013084807776104768
2026-03-25,63.907810237695145,47.98696959190932,110.24401113700532,4.56567896078315,321.2970419993962,159314.3803897799,0.0,0.0,0.013084807776104768,0.023217984481029408,0.0016361934416702084,0.031675936661005544,0.001128364257180059,-0.020478147668996825,0.03539976737910866,-0.012325883241063984
2026-03-26,63.1249248194285,48.516276321604145,110.33217029418847,4.502828578079987,321.267611296605,159292.72154057308,0.0,0.0,-0.012325883241063984,0.010969828685281069,0.0007993534143659886,-0.06285038270316345,0.0009180427762496945,-0.03912125290260883,0.02307388413804457,0.02245708298208271
2026-03-27,64.55856391982314,47.729864809143386,109.88946947110551,4.542976642263654,321.240433095229,159324.3217921192,0.0,0.0,0.02245708298208271,-0.01634203729884165,-0.004020507883698343,0.040148064183667564,0.0011113357093274878,-0.01823578971126699,0.04553096712012767,0.0
2026-03-28,64.55856391982314,47.729864809143386,109.88946947110551,4.542976642263654,321.240433095229,159324.3217921192,0.0,0.0,0.0,0.0,0.0,0.0,0.0015662337454333207,-0.01699236704647774,0.031877921156611165,0.0
2026-03-29,64.55856391982314,47.729864809143386,109.88946947110551,4.542976642263654,321.240433095229,159324.3217921192,0.0,0.0,0.0,0.0,0.0,0.0,0.0013911792531498288,0.0076872893599502275,0.02321600751712393,0.015629572196388608
2026-03-30,65.57551319464663,47.24047926982677,110.03304864201418,4.576575099602589,321.23999981205833,159342.85417091992,0.0,0.0,0.015629572196388608,-0.010306161903682831,0.0013057252394137464,0.033598457338935184,0.0013417577294607315,0.02621966816065833,0.025760771937407837,0.016483819377360653
2026-03-31,66.66540623134004,46.82689549989399,110.48047837383507,4.607950736058636,321.16750458028105,159371.2007950705,0.0,0.0,0.016483819377360653,-0.008793408680512815,0.004058076181518544,0.031375636456046685,0.0010746072853702992,0.05456629231123952,0.05457047455583277,-0.017096535789191236
2026-04-01,65.53534630820991,47.63049564535999,110.5635908754508,4.622224480776589,321.0684228937741,159385.0759967665,0.0,0.0,-0.017096535789191236,0.017015492896647277,0.0007519994163578403,0.014273744717953285,0.0005720311452522757,0.05983985255035804,0.015016855784557444,0.03174829129196155
2026-04-02,67.64936220268086,48.86177482781706,110.32162955804964,4.601282540650573,321.3499620804937,159362.35679573184,0.0,0.0,0.03174829129196155,0.025522169012987206,-0.0021908338974050423,-0.02094194012601669,0.0012424508304001473,0.08176781661363203,0.046765147076519444,-0.004695445648820851
2026-04-03,67.33246287329804,49.656927162070176,110.40512246938641,4.5827252985106055,321.55574667343535,159365.24118853628,0.0,0.0,-0.004695445648820851,0.016142510708999858,0.0007565273765148817,-0.018557242139967123,0.0019044573106689056,0.06470509273692733,0.04206970142769861,0.0
2026-04-04,67.33246287329804,49.656927162070176,110.40512246938641,4.5827252985106055,321.55574667343535,159365.24118853628,0.0,0.0,0.0,0.0,0.0,0.0,0.0017147623642659094,0.06308853535866364,0.02644012923131008,0.0
2026-04-05,67.33246287329804,49.656927162070176,110.40512246938641,4.5827252985106055,321.55574667343535,159365.24118853628,0.0,0.0,0.0,0.0,0.0,0.0,0.0015446186694807907,0.04914662643882912,0.009956309853949146,0.015542800875154583
2026-04-06,68.38717328021428,48.994568611212834,110.51331179049869,4.606885088238036,321.65197921565846,159360.44903741198,0.0,0.0,0.015542800875154583,-0.013428453341979285,0.0009794504485221012,0.02415978972743016,0.0017588633474097855,0.04435447531452519,0.04259564651829575,-0.01848027489329418
2026-04-07,67.134965726412,47.875297138362235,110.5225859652321,4.592662285146157,321.6683169225404,159371.07848296058,0.0,0.0,-0.01848027489329418,-0.023109793270801315,8.391555247833082e-05,-0.014222803091878511,0.001728044922799173,0.05498392086313106,-0.007632919666960684,0.0007107979325446934
2026-04-08,67.18270208469434,46.83636825162399,110.48549528771743,4.559938861773801,321.5612338680832,159352.86983466637,0.0,0.0,0.0007107979325446934,-0.021939653495098188,-0.00033564996947266224,-0.032723423372356564,0.001355597920462744,0.03873643095407169,-0.0022266760855954217,-0.016316246742954732
2026-04-09,66.09542678772063,48.21744047929295,110.22679594776186,4.520851636055951,321.4737331040133,159378.5682352394,0.0,0.0,-0.016316246742954732,0.029060790747916787,-0.002344223395792433,-0.03908722571784917,0.0005476882763235213,0.04728448574751383,-0.018542922828549753,0.003213325950601309
2026-04-10,66.30815453658893,47.914926331131866,110.47020190766338,4.49639190616575,321.53310442322373,159407.51317544887,0.0,0.0,0.003213325950601309,-0.006293720975975692,0.0022057940158521916,-0.024459729890201842,0.0008108228182605258,0.06237785650027217,-0.015329596877948201,0.0
2026-04-11,66.30815453658893,47.914926331131866,110.47020190766338,4.49639190616575,321.53310442322373,159407.51317544887,0.0,0.0,0.0,0.0,0.0,0.0,0.00032676443948280736,0.0555869411782478,-0.030872397753102798,0.0
2026-04-12,66.30815453658893,47.914926331131866,110.47020190766338,4.49639190616575,321.53310442322373,159407.51317544887,0.0,0.0,0.0,0.0,0.0,0.0,0.0002890910691616844,0.05861669037493993,-0.012392122859808239,0.027817160127298735
2026-04-13,68.17855306972452,47.76033168541118,110.50655509311666,4.543761585318833,321.49908202456976,159428.72765275853,0.0,0.0,0.027817160127298735,-0.0032316564066690034,0.00032902271057544397,0.047369679153083766,0.0001485901880936113,0.07983116768460605,0.014714239334945988,0.007606192609562079
2026-04-14,68.69910949272877,47.2625111731811,110.07765857838494,4.542991321593952,321.4042502651788,159411.88835967312,0.0,0.0,0.007606192609562079,-0.010478008273225647,-0.003888737530976627,-0.0007702637248812039,-0.0001816938366486331,0.06299187459918903,0.03863667868746215,0.005687336897943318
2026-04-15,69.09093764619433,46.492937732375765,110.70087083134567,4.499840716139561,321.35522351125763,159397.66190189542,0.0,0.0,0.005687336897943318,-0.01641698128815161,0.005645602495140345,-0.04315060545439131,-0.000394335812560683,0.059206331537017834,0.04111068963480417,0.012571561838887746
2026-04-16,69.96500130228043,47.98789715315404,110.61946127389307,4.520870301676716,321.3307459459969,159388.50729705926,0.0,0.0,0.012571561838887746,0.031648412136194626,-0.0007356717780950817,0.02102958553715517,-0.0005294370623637247,0.02685951935709454,0.05368225147369147,-0.02864823447074194
2026-04-17,67.98906620536427,47.91573134585971,110.1246750671591,4.500945304243502,321.2529259103354,159388.7950483599,0.0,0.0,-0.02864823447074194,-0.0015049653917085237,-0.004482900824035241,-0.019924997433213854,-0.0008198000650840199,0.031078835647669622,0.025034017002950104,0.0
2026-04-18,67.98906620536427,47.91573134585971,110.1246750671591,4.500945304243502,321.2529259103354,159388.7950483599,0.0,0.0,0.0,0.0,0.0,0.0,-0.001212378096419564,0.050978945350187134,-0.0027831431243487237,0.0
2026-04-19,67.98906620536427,47.91573134585971,110.1246750671591,4.500945304243502,321.2529259103354,159388.7950483599,0.0,0.0,0.0,0.0,0.0,0.0,-0.0012992451510679477,0.06043518421312911,-0.010389335733910428,0.01728364389808945
2026-04-20,69.17437876807917,48.70458666518812,109.66617674701843,4.455257085610619,321.253660962229,159403.48668593544,0.0,0.0,0.01728364389808945,0.01632933661015379,-0.004172138935139458,-0.045688218632883526,-0.0012971778997526255,0.07512682178866817,0.001206971266234834,0.022512443598396104
2026-04-21,70.74932449095444,48.212056682675076,109.5268287309971,4.445097581805038,321.18675374069875,159422.5073925524,0.0,0.0,0.022512443598396104,-0.010164079268600634,-0.0012714642466828963,-0.01015950380558106,-0.0014928586107095427,0.09414752840562142,0.011147853025744243,0.0017588353385793454
2026-04-22,70.87387039881479,48.195348682821056,110.05736385878306,4.444601300972096,321.1417872911846,159426.84914790257,0.0,0.0,0.0017588353385793454,-0.0003466123781246111,0.004832189001072074,-0.0004962808329418422,-0.0019887015417374846,0.10115305836484186,0.04155492283506398,0.017393208220410017
2026-04-23,72.11737732243672,47.92025821708135,109.54185889160973,4.43765078085297,321.0657077836977,159412.08377214006,0.0,0.0,0.017393208220410017,-0.005724173747643224,-0.004694970297665968,-0.006950520119125336,-0.002396555447238202,0.08288507140270668,0.05894813105547481,0.014452443334059595
2026-04-24,73.16721773758862,48.10006971640611,109.8370333287864,4.435192469107774,321.0217386380613,159429.62138587967,0.0,0.0,0.014452443334059595,0.00374528422015441,0.0026910028792155316,-0.0024583117451966174,-0.0026700293143426144,0.11524099609977566,0.07340057438953396,0.0
2026-04-25,73.16721773758862,48.10006971640611,109.8370333287864,4.435192469107774,321.0217386380613,159429.62138587967,0.0,0.0,0.0,0.0,0.0,0.0,-0.002534343359725022,0.13689984530658694,0.056116930491445234,0.0
2026-04-26,73.16721773758862,48.10006971640611,109.8370333287864,4.435192469107774,321.0217386380613,159429.62138587967,0.0,0.0,0.0,0.0,0.0,0.0,-0.0024124706117126804,0.10529959376045736,0.03360448689304854,-0.018913308821770336
2026-04-27,71.79638788052564,47.79428433202932,109.94060518646116,4.399299604953699,320.96521649784955,159429.58854073184,0.0,0.0,-0.018913308821770336,-0.006377568812142798,0.0009425150442208263,-0.035892864154075,-0.002556754853399116,0.10526674861263018,0.012932342732699479,-0.01602833585506236
2026-04-28,70.65478470240734,47.56655410213252,110.00554113969675,4.390648059837559,320.97350218036513,159378.36770282494,0.0,0.0,-0.01602833585506236,-0.00477618835049487,0.0005904714059044025,-0.008651545116140191,-0.002522645143270615,0.05404591070572497,-0.020489201342772923,0.0036498616159228447
2026-04-29,70.91313607565218,46.40380182583098,109.423208064481,4.455489947653167,321.02018077437805,159421.25814097765,0.0,0.0,0.0036498616159228447,-0.0247484775763831,-0.005307731502382396,0.06484188781560807,-0.0023720685616922975,0.07840397005772684,-0.031291783060910114,-0.01356554577689284
2026-04-30,69.95765613801235,47.53184563355922,109.83908692613734,4.428589203458313,321.07759796357345,159361.68039076755,0.0,0.0,-0.01356554577689284,0.02401852901340229,0.003793441643844986,-0.026900744194853665,-0.0019746144275859744,-0.009520404302951648,-0.044857328837802544,0.02985151413027687
2026-05-01,72.07748067014772,47.62959582921859,109.93245427779888,4.459301605925775,320.97233468466385,159389.30440689472,0.0,0.0,0.02985151413027687,0.0020544083514733025,0.000849676502856056,0.03071240246746232,-0.002021051089947849,0.004228410128212999,-0.015005814707525943,0.0
2026-05-02,72.07748067014772,47.62959582921859,109.93245427779888,4.459301605925775,320.97233468466385,159389.30440689472,0.0,0.0,0.0,0.0,0.0,0.0,-0.0028990376682451525,0.026947611162875546,0.003907494114244532,0.0
2026-05-03,72.07748067014772,47.62959582921859,109.93245427779888,4.459301605925775,320.97233468466385,159389.30440689472,0.0,0.0,0.0,0.0,0.0,0.0,-0.00351798099392097,0.024063218358438464,0.019935829969306287,-0.005083998911215026
2026-05-04,71.71196875526948,48.0667730024161,109.66320296067933,4.464913328549256,321.01010588463225,159429.05854938395,0.0,0.0,-0.005083998911215026,0.009136819293775744,-0.0024522475119450604,0.005611722623481086,-0.0033743799921936027,0.06381736084766453,0.011201969442169744,0.023667953389389318
2026-05-05,73.42948921145529,48.274764369889716,109.63087740544785,4.432580306717035,321.25251044510486,159435.42875331268,0.0,0.0,0.023667953389389318,0.0043177988702503,-0.0002948146654180306,-0.03233302183222175,-0.002612027504245932,0.07018756477639544,0.0484354686084515,-0.018517815111524172
2026-05-06,72.0822479867209,48.344151691587086,109.67065911758696,4.477190003231009,321.1579301428748,159412.8613653646,0.0,0.0,-0.018517815111524172,0.0014363095024156891,0.00036280377425779164,0.04460969651397395,-0.003178194775525226,0.052412327952624765,6.613936665014232e-05,0.004780469243274688
2026-05-07,72.42765991395001,48.541702972046,109.46189089377978,4.450660851603798,321.1286360167006,159415.50782542597,0.0,0.0,0.004780469243274688,0.004078026765059306,-0.0019054064488255307,-0.026529151627210368,-0.0032893511284815065,0.04442934246538789,0.004846608609925052,-0.0020852317979329626
2026-05-08,72.27678880972753,48.96279961672744,110.07766491883365,4.415034760555083,321.0399982045139,159415.0551277913,0.0,0.0,-0.0020852317979329626,0.008637534709909467,0.005609701063454153,-0.03562609104871495,-0.0032018633810642514,0.062185293124930464,0.0027613768119917137,0.0
2026-05-09,72.27678880972753,48.96279961672744,110.07766491883365,4.415034760555083,321.0399982045139,159415.0551277913,0.0,0.0,0.0,0.0,0.0,0.0,-0.0029082529178638813,0.036486892551911294,0.007845375723206099,0.0
2026-05-10,72.27678880972753,48.96279961672744,110.07766491883365,4.415034760555083,321.0399982045139,159415.0551277913,0.0,0.0,0.0,0.0,0.0,0.0,-0.0030659047937636004,0.007541952342435252,-0.01582257766618311,0.010781041350177212
2026-05-11,73.06022339059122,49.436995614861026,109.81344380763095,4.3732975208992775,321.0176605773214,159415.3903103891,0.0,0.0,0.010781041350177212,0.00963822471167708,-0.002403200746930345,-0.04173723965580578,-0.003112018097126808,0.007877134940237738,0.013476278795518593,-0.009049707834480891
2026-05-12,72.40203242454973,49.3765610544262,109.79752779778853,4.359047333708642,320.97914692759326,159396.8492264092,0.0,0.0,-0.009049707834480891,-0.0012232039814623619,-0.0001449473107282273,-0.014250187190635089,-0.0032017694272638746,-0.01066394903967739,-0.0003538982822369449,-0.006014402920781592
2026-05-13,71.96788430881678,48.54278730505844,110.62034480238829,4.310605778304757,320.8253790360553,159357.38469497793,0.0,0.0,-0.006014402920781592,-0.017030217515510593,0.007466008241187261,-0.04844155540388506,-0.0035223117150314266,-0.07134295778060915,-0.004283069405084467,-0.0034880303813018543
2026-05-14,71.71729542674927,48.634476930761444,110.41428319054937,4.331017483686607,320.7673591033484,159373.8465875706,0.0,0.0,-0.0034880303813018543,0.0018870597692348667,-0.0018645193597643939,0.02041170538185,-0.0033529413839680743,-0.038041772102529646,-0.007771099786386395,-0.0030558311041168906
2026-05-15,71.49847399563022,48.94576135884725,110.73055144748612,4.329802225286431,320.8054697915548,159382.57527270593,0.0,0.0,-0.0030558311041168906,0.00638009272080442,0.002860283606227476,-0.0012152584001761113,-0.0030446696328198927,-0.015086629189492669,-0.010826930890503196,0.0
2026-05-16,71.49847399563022,48.94576135884725,110.73055144748612,4.329802225286431,320.8054697915548,159382.57527270593,0.0,0.0,0.0,0.0,0.0,0.0,-0.002928770178219479,-0.005932024353329325,-0.021607972240680437,0.0
2026-05-17,71.49847399563022,48.94576135884725,110.73055144748612,4.329802225286431,320.8054697915548,159382.57527270593,0.0,0.0,0.0,0.0,0.0,0.0,-0.0026568066367442505,-0.0062197756539681,-0.012558264406199539,0.011793903549229157
2026-05-18,72.34671228996542,50.57179601623534,110.55932008722137,4.30524053137442,320.7098609184812,159385.98444828697,0.0,0.0,0.011793903549229157,0.032681255921619634,-0.0015475755239222622,-0.024561693912010796,-0.002911083479520375,-0.0028106000729312655,0.0052500420638102,0.02159941307323976
2026-05-19,73.92635710082143,49.90203844326295,110.51732829342343,4.316686404622912,320.6664827457828,159391.94252521204,0.0,0.0,0.02159941307323976,-0.013332177420322555,-0.0003798844845039895,0.011445873248491445,-0.003006103325559328,0.0031474768521438817,0.030337485518351574,0.009980701863788966
2026-05-20,74.66788837662418,50.80940640322693,110.73025515731757,4.331389317560803,320.761835488909,159366.52933922998,0.0,0.0,0.009980701863788966,0.01801965037178599,0.0019247842286969075,0.014702912937891277,-0.0026791708249045863,-0.036957346705457896,0.04337401848625742,-0.01882652726429157
2026-05-21,73.27530126189754,50.36185985152787,111.25512889183545,4.296925839818775,320.5915838754176,159357.63439973275,0.0,0.0,-0.01882652726429157,-0.008847363240632955,0.004728912355151493,-0.03446347774202785,-0.0029661410747088652,-0.06487299281964079,0.02454749122196628,-0.0006159291779832543
2026-05-22,73.23018276215141,50.730601465748705,110.78005275095613,4.341284144624967,320.55858784661905,159369.63679196982,0.0,0.0,-0.0006159291779832543,0.007295168101904004,-0.004279293599728895,0.04435830480619174,-0.002895143983445629,-0.057212355932744687,0.023931562043982692,0.0
2026-05-23,73.23018276215141,50.730601465748705,110.78005275095613,4.341284144624967,320.55858784661905,159369.63679196982,0.0,0.0,0.0,0.0,0.0,0.0,-0.0026303623689877707,-0.0424469801702362,0.012137658494753577,0.0
2026-05-24,73.23018276215141,50.730601465748705,110.78005275095613,4.341284144624967,320.55858784661905,159369.63679196982,0.0,0.0,0.0,0.0,0.0,0.0,-0.0024594244061815094,-0.05998459390984499,-0.009461754578485615,-0.01474324318146536
2026-05-25,72.1584521746348,50.437903711517706,111.14734566501518,4.410516636158146,320.5759042763103,159370.16843519246,0.0,0.0,-0.01474324318146536,-0.005786357530766395,0.0033100306859656925,0.06923249153317901,-0.0023702358114190488,-0.05945295068720589,-0.03418569962374063,-0.017606417890145387
2026-05-26,70.89911901540513,49.84845678074109,110.74250177412756,4.418213636806769,320.51114182692754,159376.13157496974,0.0,0.0,-0.017606417890145387,-0.011755411520081527,-0.0036490569062870293,0.007697000648622776,-0.002536798018746422,-0.05348981090993039,-0.032965590249594286,-0.01027777582144207
2026-05-27,70.17416560012155,51.45716601045617,110.57466090046697,4.4597787442751695,320.53829442139664,159402.15475326145,0.0,0.0,-0.01027777582144207,0.03176219496806931,-0.0015167455050386636,0.0415651074684007,-0.0022554708649212903,-0.027433787470392417,-0.04262743689305283,-0.02229057954784075
2026-05-28,68.62724767898327,50.73364996638199,110.84046211974142,4.422070209571678,320.5117459455211,159381.62746464545,0.0,0.0,-0.02229057954784075,-0.014160335775300847,0.002400932179631887,-0.03770853470349156,-0.0023228094930313413,0.003259761820518179,-0.0649180164408939,-0.031815946145463236
2026-05-29,66.47817552559037,50.00548910826804,111.32570043542768,4.448563772144176,320.5852587920937,159379.19954463045,0.0,0.0,-0.031815946145463236,-0.014456616296595115,0.0043682537583622505,0.02649356257249824,-0.00219808163603065,-0.042058596347196726,-0.09673396258635705,0.0
2026-05-30,66.47817552559037,50.00548910826804,111.32570043542768,4.448563772144176,320.5852587920937,159379.19954463045,0.0,0.0,0.0,0.0,0.0,0.0,-0.002333941646469436,0.017519153862900566,-0.08199071940489117,0.0
2026-05-31,66.47817552559037,50.00548910826804,111.32570043542768,4.448563772144176,320.5852587920937,159379.19954463045,0.0,0.0,0.0,0.0,0.0,0.0,-0.001968598863500367,-0.010104862264270195,-0.06438430151474613,-0.008071383653484254
2026-06-01,65.94376428669,49.928763594928654,111.5449463141978,4.486752991627138,320.4680396011079,159368.83020187073,0.0,0.0,-0.008071383653484254,-0.0015355201312741151,0.00196747263663255,0.03818921948296161,-0.0022778127215489032,-0.020474205023987453,-0.06217790934678801,0.017301078754585753
2026-06-02,67.09458909534528,48.77313819285854,111.48336523500414,4.444609099894217,320.49555494335056,159333.83245434702,0.0,0.0,0.017301078754585753,-0.023417546996656657,-0.0005522265790460779,-0.04214389173292066,-0.0021425701536542073,-0.05547195254769759,-0.022586251044361624,0.019247508116459144
2026-06-03,68.39850101677449,49.24898529102616,111.83693998104788,4.38844917526402,320.5346144547616,159338.79345059663,0.0,0.0,0.019247508116459144,0.009709049737998132,0.0031665283740309746,-0.056159924630197366,-0.0020947159461046786,-0.09026509878732031,0.028477203217560976,-0.013045847759803664
2026-06-04,67.51197986883344,49.1384919569877,111.80694319649561,4.375981156205679,320.53749642750273,159332.93925261553,0.0,0.0,-0.013045847759803664,-0.002246086261816771,-0.00026825490870496793,-0.012468019058340829,-0.0027637853526914797,-0.1024895006971492,0.015431355457757165,0.0016454698305832238
2026-06-05,67.62316024179955,48.31105035688279,111.64089910230919,4.36725045295502,320.6486765262557,159281.55967605152,0.0,0.0,0.0016454698305832238,-0.016982357568315898,-0.0014862002965996268,-0.008730703250659388,-0.0020673452103016853,-0.13130168931308436,0.01707682528834024,0.0
2026-06-06,67.62316024179955,48.31105035688279,111.64089910230919,4.36725045295502,320.6486765262557,159281.55967605152,0.0,0.0,0.0,0.0,0.0,0.0,-0.0019226928778736736,-0.13394814937445335,0.02514820894182417,0.0
2026-06-07,67.62316024179955,48.31105035688279,111.64089910230919,4.36725045295502,320.6486765262557,159281.55967605152,0.0,0.0,0.0,0.0,0.0,0.0,-0.0016035660765177668,-0.1334954517397855,0.007847130187238777,0.016086814919018977
2026-06-08,68.71979856429559,47.76239183438145,111.45579771132122,4.372628268930546,320.59860499028616,159304.99130397316,0.0,0.0,0.016086814919018977,-0.011421772233080496,-0.0016593830039219881,0.005377815975526445,-0.0016942338859419906,-0.11006382381814182,0.0046864369897978994,0.0180235568241498
2026-06-09,69.96960288534753,47.60500493670913,112.2233385553503,4.349779208287556,320.51307257575803,159293.14916152006,0.0,0.0,0.0180235568241498,-0.0033006466756067,0.0068629007550491394,-0.022849060642990082,-0.0018893626812908847,-0.12190596627123887,0.03575584157375198,0.022146941897609018
2026-06-10,71.53650258858264,47.135890729332424,111.96204743768692,4.356918518598918,320.6248660251187,159311.85313653236,0.0,0.0,0.022146941897609018,-0.009903179361438585,-0.0023310282677044825,0.007139310311361946,-0.001393620341868455,-0.10353717385674827,0.05625731364077829,-0.001947396841492477
2026-06-11,71.39732818726814,45.938375140175786,111.8258249580702,4.320227265436808,320.53154630183406,159338.73365733982,0.0,0.0,-0.001947396841492477,-0.0257338946156076,-0.0012174251891607923,-0.03669125316211019,-0.0014919353582493041,-0.0581155690693704,0.054309916799285006,0.023469461737145814
2026-06-12,73.09280316809192,46.387735284285995,111.45527816508118,4.355313174546373,320.5263598052038,159342.50412723093,0.0,0.0,0.023469461737145814,0.00973427106021063,-0.0033191087645372264,0.035085909109564994,-0.0009686183132594247,-0.01488056774699362,0.07777937853643103,0.0
2026-06-13,73.09280316809192,46.387735284285995,111.45527816508118,4.355313174546373,320.5263598052038,159342.50412723093,0.0,0.0,0.0,0.0,0.0,0.0,-0.0007335428930329864,-0.0313424603396561,0.061692563617412245,0.0
2026-06-14,73.09280316809192,46.387735284285995,111.45527816508118,4.355313174546373,320.5263598052038,159342.50412723093,0.0,0.0,0.0,0.0,0.0,0.0,-0.0007929121867889632,-0.04007114547499805,0.04366900679326232,-0.0063505931317164865
2026-06-15,72.6300913167649,46.74575427064461,111.59783535166102,4.331511988697817,320.48025759416697,159287.00718930087,0.0,0.0,-0.0063505931317164865,0.007688335347995512,0.0012782355174731919,-0.02380118584855584,-0.0008715264837875399,-0.09556808340505814,0.015171471763936673,0.003371246040824616
2026-06-16,72.87535842014238,47.24018216894141,112.4530903931601,4.324888087046431,320.4553748141182,159328.861849103,0.0,0.0,0.003371246040824616,0.010521413694900783,0.007634507134899771,-0.006623901651385822,-0.000878831919521598,-0.053713423602923284,0.02049011464625398,0.02266434144750118
2026-06-17,74.54588966353482,47.56785838935894,112.68931931946621,4.284652409134443,320.4574363736738,159316.83768668125,0.0,0.0,0.02266434144750118,0.006912441671294456,0.0020984852502605733,-0.0402356779119879,-0.0005047581428198758,-0.06914676160571981,0.01968499435660917,0.007680902316376859
2026-06-18,75.12067396532447,48.36493112048949,112.8310557498486,4.312374123743903,320.49692517810917,159261.5758727234,0.0,0.0,0.007680902316376859,0.016617698236757406,0.0012569724487248024,0.027721714609460157,-0.0001768068019155078,-0.1303666524886503,0.027365896672986518,0.0071557695190618276
2026-06-19,75.66014806852829,48.26680549181311,112.88302537643555,4.363031653569506,320.43807747167614,159275.4259437737,0.0,0.0,0.0071557695190618276,-0.002030919982278334,0.0004604907876899489,0.05065752982560312,-0.0005690893133791563,-0.09110339545627358,0.0345216661920486,0.0
2026-06-20,75.66014806852829,48.26680549181311,112.88302537643555,4.363031653569506,320.43807747167614,159275.4259437737,0.0,0.0,0.0,0.0,0.0,0.0,2.9756699778238317e-05,-0.08220845595904393,0.040872259323764676,0.0
2026-06-21,75.66014806852829,48.26680549181311,112.88302537643555,4.363031653569506,320.43807747167614,159275.4259437737,0.0,0.0,0.0,0.0,0.0,0.0,0.0002102008924022051,-0.09421084819611861,0.03750101328294052,-0.017609239530334442
2026-06-22,74.33949239548221,47.614026536848094,113.16899628046463,4.354317319016093,320.4430239637295,159322.93700267826,0.0,0.0,-0.017609239530334442,-0.013616674517918703,0.0025301349175164134,-0.00871433455341375,0.00030951140771932797,-0.046699789291567866,-0.002772567694895595,0.001894644308974236
2026-06-23,74.48047280337227,47.27252366567655,113.35798175923996,4.315702032301911,320.55342744496124,159320.10250537956,0.0,0.0,0.001894644308974236,-0.007198161277448545,0.0016685475986673026,-0.03861528671418135,0.0007220746805802017,-0.049534286590263946,-0.008558825702298344,-0.007943863032068954
2026-06-24,73.89115396201277,46.521286729661824,112.79547758206706,4.328145495439032,320.44564450811697,159370.3021448321,0.0,0.0,-0.007943863032068954,-0.016019244718677772,-0.00497454550368559,0.012443463137120858,0.00040707353863034625,0.00013370963963097894,-0.023658458253429267,0.012357795508078695
2026-06-25,74.80995119386161,46.39691893485548,113.54495983641968,4.276039985061815,320.2922005091201,159380.78649190202,0.0,0.0,0.012357795508078695,-0.002676932215486705,0.006622634489991341,-0.052105510377217,0.00022271160376885848,0.004654916932282504,-0.01130066274535113,0.015834773244754352
2026-06-26,76.00397843366343,45.917272160129585,112.81058211784196,4.272163480916438,320.3402373936923,159391.8071835427,0.0,0.0,0.015834773244754352,-0.010391708692985446,-0.0064887326274476465,-0.003876504145376991,0.0003952812421783617,-0.010347569718753221,0.004534110499403002,0.0
2026-06-27,76.00397843366343,45.917272160129585,112.81058211784196,4.272163480916438,320.3402373936923,159391.8071835427,0.0,0.0,0.0,0.0,0.0,0.0,0.0005783337041578259,0.0101797188972414,0.0221433500297381,0.0
2026-06-28,76.00397843366343,45.917272160129585,112.81058211784196,4.272163480916438,320.3402373936923,159391.8071835427,0.0,0.0,0.0,0.0,0.0,0.0,0.0004570223757353164,0.01260763891224633,0.02024870572076358,-0.018834212904799585
2026-06-29,74.58589944211579,45.443661116445114,112.36417927818123,4.300663194262078,320.25795028858994,159371.91013460341,0.0,0.0,-0.018834212904799585,-0.010368004556867483,-0.003964950793879041,0.0284997133456395,0.0003092561949600578,-0.007289410027035047,0.009358355848033439,-0.012670230179531394
2026-06-30,73.64684053687483,46.13843643804576,112.30789103053665,4.27293124926799,320.3539344910718,159360.54261465042,0.0,0.0,-0.012670230179531394,0.015173023317958112,-0.0005010702820777979,-0.0277319449940876,0.0006912311342553471,-0.018656929980032145,-0.015669669839576107,0.007095925937404601
2026-07-01,74.1712915951801,46.52372202000424,112.51126959359742,4.312734967899803,320.5682497372088,159340.5571455123,0.0,0.0,0.007095925937404601,0.008315968648837213,0.0018092641034241908,0.03980371863181276,0.0017968871452686515,-0.028273056358419126,-0.024408517146925903,0.027806769859713754
2026-07-02,76.26269850867914,45.91780456244325,113.29071411549766,4.3185524857090645,320.43435886063753,159382.39763635836,0.0,0.0,0.027806769859713754,-0.013109392661327046,0.006903815502074195,0.005817517809261652,0.0014052314763363918,0.048565182011341676,0.0033982527127873912,0.029032782127554668
2026-07-03,78.50927114463188,44.394518067670006,113.19593453879138,4.323939560038568,320.48091507828184,159419.5304105145,0.0,0.0,0.029032782127554668,-0.033736945945912034,-0.0008369551388760499,0.00538707432950325,0.001535787006287274,0.08073695991787827,0.03243103484034272,0.0
2026-07-04,78.50927114463188,44.394518067670006,113.19593453879138,4.323939560038568,320.48091507828184,159419.5304105145,0.0,0.0,0.0,0.0,0.0,0.0,0.0016310821281090035,0.08659115789897623,0.05126524774514172,0.0
2026-07-05,78.50927114463188,44.394518067670006,113.19593453879138,4.323939560038568,320.48091507828184,159419.5304105145,0.0,0.0,0.0,0.0,0.0,0.0,0.0014101918447188408,0.137970734462986,0.06393547792467318,0.003722977835077579
2026-07-06,78.80210418818079,44.758604958907284,112.66082519741857,4.299076775046003,320.48500396784624,159465.3490546867,0.0,0.0,0.003722977835077579,0.008167720948973223,-0.004738493045287839,-0.02486278499256489,0.0015499903602552638,0.18378937863517786,0.06056252982234563,0.01594029905895855
2026-07-07,80.06829824052512,43.90357689559846,112.76030609023044,4.312780886728039,320.5927231413963,159464.19485947027,0.0,0.0,0.01594029905895855,-0.019287920798513714,0.0008826226601001963,0.01370411168203578,0.001991666921834464,0.1826351834187517,0.048696059021591354,0.013907987288278356
2026-07-08,81.18966703041671,44.409384182880046,111.91654433377548,4.330706600959379,320.57422808535546,159446.9411207046,0.0,0.0,0.013907987288278356,0.011455007554431074,-0.007510927107312604,0.017925714231340706,0.002166883996476739,0.14194981673144502,0.03357126418231443,-0.0011825643411507158
2026-07-09,81.09371177313189,43.73410858074121,111.50049751054516,4.365856782339872,320.6317234120875,159443.65512438962,0.0,0.0,-0.0011825643411507158,-0.015322488197488937,-0.0037244007951837688,0.03515018138049264,0.0026853287687626294,0.1505059628695599,0.03238869984116347,-0.04377594571665977
2026-07-10,77.62033762845965,44.19639239904772,111.83301435263698,4.327634225255404,320.5951160886581,159441.59534172007,0.0,0.0,-0.04377594571665977,0.010514851442976703,0.0029777625849511935,-0.038222557084467645,0.0022950242084139724,0.12974220518770743,-0.011387245875496358,0.0
2026-07-11,77.62033762845965,44.19639239904772,111.83301435263698,4.327634225255404,320.5951160886581,159441.59534172007,0.0,0.0,0.0,0.0,0.0,0.0,0.0026486834355061123,0.10286168438024469,-0.015110223710573193,0.0
2026-07-12,77.62033762845965,44.19639239904772,111.83301435263698,4.327634225255404,320.5951160886581,159441.59534172007,0.0,0.0,0.0,0.0,0.0,0.0,0.002723357557753688,0.09909121448913356,-0.031050522769532424,-0.0021101596433670267
2026-07-13,77.45671901590119,44.84575280077524,111.3997986379062,4.412215273129495,320.6646740432605,159467.37051263519,0.0,0.0,-0.0021101596433670267,0.014585720334618468,-0.0038812955207934152,0.08458104787409049,0.002981837477596701,0.12486638540425338,-0.04706866970117759,-0.013808202171371242
2026-07-14,76.3945313084124,45.10562373899147,111.54152767156926,4.401224688620331,320.7765505242221,159455.79581921417,0.0,0.0,-0.013808202171371242,0.005778047456596269,0.00127144711213667,-0.010990584509164236,0.003354657025543702,0.11329169198323506,-0.059694307531398025,-0.012180271233636297
2026-07-15,75.46966916645496,44.925266964490085,111.25813132607446,4.400616342144057,320.6123541672988,159495.76490817615,0.0,0.0,-0.012180271233636297,-0.0040065585124611225,-0.002543958097676935,-0.0006083464762731694,0.0030188010936118854,0.2087577188752766,-0.028098633048374483,-0.006985922137801026
2026-07-16,74.94428123021181,44.210889485960664,111.20492269102179,4.353320925704998,320.741483768838,159498.0011513797,0.0,0.0,-0.006985922137801026,-0.01602924789969551,-0.00047835930601980436,-0.04729541643905932,0.0035069869230390533,0.16913930227668605,-0.0350845551861756,-0.011696952261381455
2026-07-17,74.07276850832991,44.522094321418344,111.26646736514208,4.3612741195011955,320.69335684209744,159481.6709110656,0.0,0.0,-0.011696952261381455,0.007014440360386676,0.0005532817111877364,0.00795319379619741,0.003350096957505655,0.16483322438434697,-0.04678150744755705,0.0
2026-07-18,74.07276850832991,44.522094321418344,111.26646736514208,4.3612741195011955,320.69335684209744,159481.6709110656,0.0,0.0,0.0,0.0,0.0,0.0,0.003227580731141659,0.22009503834220231,-0.04467134780419032,0.0
2026-07-19,74.07276850832991,44.522094321418344,111.26646736514208,4.3612741195011955,320.69335684209744,159481.6709110656,0.0,0.0,0.0,0.0,0.0,0.0,0.003406092808400507,0.20624496729188832,-0.030863145632818906,-0.004591329161073965
2026-07-20,73.73345559095034,43.67181948935951,111.18591585702464,4.376522265435534,320.6257686433445,159475.86786751263,0.0,0.0,-0.004591329161073965,-0.01928253641667599,-0.0007242135190583809,0.015248145934338098,0.003190003074560225,0.20044192373892292,-0.023274203560256633,-0.02840142940460577
2026-07-21,71.66877873019622,43.77627618040844,110.8573875123169,4.40482328532342,320.6269139608734,159473.53551838212,0.0,0.0,-0.02840142940460577,0.00238899978163154,-0.0029591397664558983,0.028301019887886802,0.0031709695290363235,0.19810957460841747,-0.04468971082706124,-0.005942840905095892
2026-07-22,71.24412565298036,43.612246891341805,110.88755330928603,4.393700777994397,320.68499820583855,159498.79347138669,0.0,0.0,-0.005942840905095892,-0.0037540280104493284,0.0002720765312025364,-0.011122507329023534,0.0032939431276978884,0.17585646870842903,-0.038935599470775656,-0.0072168886061732
2026-07-23,70.73181560016242,43.95597786921739,111.30126420426501,4.392633897545219,320.65359115518487,159482.93875523543,0.0,0.0,-0.0072168886061732,0.007850627193274562,0.0037239621482019203,-0.0010668804491782424,0.002812369729113144,0.16283624985587083,-0.04615248807694877,0.002500763090711011
2026-07-24,70.9089204703171,43.98979498027741,110.91724062787233,4.439121262360454,320.48014314294,159500.166573661,0.0,0.0,0.002500763090711011,0.0007690446426482644,-0.003456273445567426,0.04648736481523574,0.0025785097761905,0.12986442882890697,-0.043651724986237636,0.0
2026-07-25,70.9089204703171,43.98979498027741,110.91724062787233,4.439121262360454,320.48014314294,159500.166573661,0.0,0.0,0.0,0.0,0.0,0.0,0.0030154802085165153,0.11938008175897995,-0.03906039582516358,0.0
2026-07-26,70.9089204703171,43.98979498027741,110.91724062787233,4.439121262360454,320.48014314294,159500.166573661,0.0,0.0,0.0,0.0,0.0,0.0,0.0028224046134184646,0.10835939011830488,-0.010658966420557754,0.017591308015749263
2026-07-27,72.16733727852953,42.68689613412501,111.10848415318657,4.3953871295083955,320.57495111144175,159494.71776080137,0.0,0.0,0.017591308015749263,-0.03006568371956231,0.0017227154447949644,-0.04373413285205885,0.003066346356172567,0.10291057725867722,0.012875182500286806,-0.01594058322476144
2026-07-28,71.02606824600713,42.78350783788174,111.28205714260223,4.4036162812482536,320.39459950749296,159520.4205995603,0.0,0.0,-0.01594058322476144,0.002260706406284285,0.0015609748836347137,0.008229151739858054,0.0024749403568079015,0.12861341601761522,0.004151487881698731,0.0016792285312092758
2026-07-29,71.14543744229566,43.087307104913776,111.24138521495797,4.412331824927427,320.36227064214626,159502.97110163159,0.0,0.0,0.0016792285312092758,0.007075757572424735,-0.00036555185077435937,0.008715543679173265,0.0026108400733358553,0.13106096702817013,0.0033299533221968205,0.007973595970455882
2026-07-30,71.71499008935496,43.73064086620636,111.03328460909887,4.440541339624138,320.47119060365634,159504.12965607469,0.0,0.0,0.007973595970455882,0.014820565376798545,-0.0018724640718259522,0.028209514696711402,0.0026289882228683337,0.14358704142426723,0.011303549292652638,0.00863559717675777
2026-07-31,72.33697358949297,43.27573867818202,111.23244943705326,4.4549021267582996,320.26567515410727,159500.02055239765,0.0,0.0,0.00863559717675777,-0.01045685007312347,0.0017921330259440538,0.014360787134161335,0.00131139932000706,0.15946340688533384,0.0199391464694107,0.0
2026-08-01,72.33697358949297,43.27573867818202,111.23244943705326,4.4549021267582996,320.26567515410727,159500.02055239765,0.0,0.0,0.0,0.0,0.0,0.0,0.0016859880554702406,0.11762291603928315,0.0023478384536618777,0.0
2026-08-02,72.33697358949297,43.27573867818202,111.23244943705326,4.4549021267582996,320.26567515410727,159500.02055239765,0.0,0.0,0.0,0.0,0.0,0.0,0.001506675596859841,0.08049014188314323,0.01828842167842333,-0.019320898328120784
2026-08-03,70.95277333317736,42.472302547004176,111.25820474276513,4.422656924021262,320.1476510377193,159540.54066559643,0.0,0.0,-0.019320898328120784,-0.01874001161208083,0.0002315180915966053,-0.03224520273703746,0.0011416245674231275,0.12101025508192834,-0.002711705180907298,0.010132980977779482
2026-08-04,71.67539139016715,42.82014287980184,111.59568899348207,4.365576820872921,319.9743386616504,159553.1623246485,0.0,0.0,0.010132980977779482,0.008156461207733834,0.0030287512867452904,-0.05708010314834144,0.0006023230396047683,0.1336319141339918,-0.0005523201735831796,-0.03303875539768164
2026-08-05,69.34601735906313,42.44390228050031,112.16132287842451,4.321737926148044,320.0807354449948,159562.23754009441,0.0,0.0,-0.03303875539768164,-0.008825362217157906,0.0050557976714245,-0.043838894724876454,0.0009077217349079403,0.09688848540771869,-0.042226672748023615,0.0008162364152575208
2026-08-06,69.40264321058183,41.97016645137378,112.1098888237255,4.335079975535685,320.10028442329207,159541.6234073522,0.0,0.0,0.0008162364152575208,-0.011224214394296883,-0.00045867728818471676,0.013342049387640387,0.0006302961655318259,0.07742854788192198,-0.04141043633276598,0.019273984989414572
2026-08-07,70.75328300785931,41.92987913734131,111.98148319010913,4.318155894868312,320.092695472138,159546.18132383598,0.0,0.0,0.019273984989414572,-0.0009603646063882643,-0.0011460115266004323,-0.01692408066737272,0.0006693168845759842,0.09924020313136862,-0.022136451343350926,0.0
2026-08-08,70.75328300785931,41.92987913734131,111.98148319010913,4.318155894868312,320.092695472138,159546.18132383598,0.0,0.0,0.0,0.0,0.0,0.0,0.0004951788888353163,0.1025261994463508,-0.00281555301522966,0.0
2026-08-09,70.75328300785931,41.92987913734131,111.98148319010913,4.318155894868312,320.092695472138,159546.18132383598,0.0,0.0,0.0,0.0,0.0,0.0,0.0006079763072296112,0.10458598211591015,-0.01294853399300972,0.005568987429566796
2026-08-10,71.14840634880684,42.41776788339347,111.7973483376706,4.350223887753109,320.1658935490676,159527.2561346923,0.0,0.0,0.005568987429566796,0.0115686496209646,-0.0016456864372633717,0.032067992884797114,0.0008235099171830002,0.08566079297222313,0.02565920883423965,0.009422164612442607
2026-08-11,71.82194646535487,43.13218887053773,111.1330032177889,4.353752319694331,320.1239574387234,159532.1324017014,0.0,0.0,0.009422164612442607,0.01670223159314599,-0.005960131331440799,0.0035284319412216547,0.0006718555615021103,0.09053705998134683,0.03426513703142455,0.003380448879853226
2026-08-12,72.0651477169346,43.94152265713273,111.78409299076408,4.331993956241003,320.1404811231695,159512.32012950323,0.0,0.0,0.003380448879853226,0.01859015954807619,0.005841558458457463,-0.021758363453328045,0.0004952267661725296,0.04494961686804891,0.018371600921862102,-0.0013008566193253301
2026-08-13,71.97146224140133,43.9406555203134,111.39556507241491,4.335902098922617,320.1425951618709,159539.6036465706,0.0,0.0,-0.0013008566193253301,-1.973407663147242e-05,-0.003481753796188869,0.003908142681614102,0.00016247147967525999,0.08380782735644607,0.01707074430253733,-0.008175237764348253
2026-08-14,71.3854769734424,42.56926937162718,110.62049689449326,4.306012475851843,320.0669261293813,159534.2938859793,0.0,0.0,-0.008175237764348253,-0.031707368672184266,-0.006982119399528308,-0.029889623070773474,0.00043979475209867313,0.038528977803158344,0.008895506538189121,0.0
2026-08-15,71.3854769734424,42.56926937162718,110.62049689449326,4.306012475851843,320.0669261293813,159534.2938859793,0.0,0.0,0.0,0.0,0.0,0.0,6.155355148274423e-05,0.03629273459961405,0.0033265191086221503,0.0
2026-08-16,71.3854769734424,42.56926937162718,110.62049689449326,4.306012475851843,320.0669261293813,159534.2938859793,0.0,0.0,0.0,0.0,0.0,0.0,0.00022007243775318654,0.052622974913712824,-0.0060956455038202835,0.008075615244712786
2026-08-17,71.96429262012478,42.446952310471794,111.14113279938815,4.283285341149925,319.9988248404455,159517.97350195862,0.0,0.0,0.008075615244712786,-0.002877501331726151,0.004695463883161999,-0.022727134701917784,1.9058066939829296e-05,0.036302590893028536,-0.001400479138960432,0.02111223807280993
2026-08-18,73.49977156394446,42.27475533448323,110.45909449531005,4.294488470850881,320.06337594755814,159521.93977956855,0.0,0.0,0.02111223807280993,-0.00406500808103516,-0.006155593484850286,0.011203129700955827,0.00023479029360084667,0.04026886850295705,0.021012615553174508,0.0023441424978525305
2026-08-19,73.67226760070635,41.76262558397955,110.33365431453338,4.291576117106568,320.0588850026943,159475.24856238242,0.0,0.0,0.0023441424978525305,-0.01218829251509801,-0.0011362709595248432,-0.002912353744313201,0.00042833731078161224,-0.0006193051302107051,0.031531995815375115,-0.00042909681315794757
2026-08-20,73.64066184690984,41.343857741517425,110.07088774954747,4.281367812772714,319.9648192257325,159493.91380364122,0.0,0.0,-0.00042909681315794757,-0.0100779474728383,-0.002384403579156036,-0.010208304333853668,0.00013969188535157455,0.02037828525909572,0.031102899002217323,-0.015296659032963511
2026-08-21,72.52277749706602,41.44161990266343,109.5720008238021,4.236656012089334,320.063518235644,159490.8981948864,0.0,0.0,-0.015296659032963511,0.00236182019776221,-0.004542717380165762,-0.04471180068338043,0.00027867021506776304,-0.007895276500290493,0.0158062399692538,0.0
2026-08-22,72.52277749706602,41.44161990266343,109.5720008238021,4.236656012089334,320.063518235644,159490.8981948864,0.0,0.0,0.0,0.0,0.0,0.0,0.00038968062292260184,0.007959439650963759,0.007730624724541215,0.0
2026-08-23,72.52277749706602,41.44161990266343,109.5720008238021,4.236656012089334,320.063518235644,159490.8981948864,0.0,0.0,0.0,0.0,0.0,0.0,0.0009269386735435057,-0.00926837877460639,-0.013381613348268885,-0.011805131415856707
2026-08-24,71.6716701791885,42.1484766709795,109.41412607746018,4.224435937063853,319.99889917628997,159454.59709397514,0.0,0.0,-0.011805131415856707,0.016912855627535528,-0.0014418700940330709,-0.012220075025481059,0.000722343528397488,-0.045569479685858824,-0.027530887261978283,0.018561326390386768
2026-08-25,73.0144144493733,43.74951990348879,109.3289208759128,4.261319761711838,319.96519488758975,159466.18488064007,0.0,0.0,0.018561326390386768,0.03728209597887666,-0.0007790437871602052,0.03688382464798501,0.0006263965165060853,-0.03398169302093447,-0.008540464058433473,0.007413124362876111
2026-08-26,73.55769058278983,45.536984123676554,109.44052445929766,4.3029833098986074,319.8158058720619,159474.3409911825,0.0,0.0,0.007413124362876111,0.04004419455722941,0.0010202850118794515,0.04166354818676954,-0.00010388701971440675,-0.02037676961888792,0.01416931933740626,-0.022092676430417235
2026-08-27,71.95042410806134,44.83543763543896,108.82868418915989,4.2817657664687445,319.75791326768683,159507.96950578393,0.0,0.0,-0.022092676430417235,-0.015525988287335313,-0.005606304952224583,-0.02121754342986293,0.00029805990437793434,-0.012451093776384368,-0.007923357093011344,-0.016830256798787246
2026-08-28,70.74961331530463,44.012542113635185,109.18450307048602,4.263022702182816,319.726109647714,159487.1088992475,0.0,0.0,-0.016830256798787246,-0.01852420404181343,0.0032641988471979744,-0.018743064285928313,0.00031456704504887476,-0.01586220238407259,-0.024753613891798424,0.0
2026-08-29,70.74961331530463,44.012542113635185,109.18450307048602,4.263022702182816,319.726109647714,159487.1088992475,0.0,0.0,0.0,0.0,0.0,0.0,1.2654480031652413e-05,-0.01702075682717259,-0.012948482475941629,0.0
2026-08-30,70.74961331530463,44.012542113635185,109.18450307048602,4.263022702182816,319.726109647714,159487.1088992475,0.0,0.0,0.0,0.0,0.0,0.0,0.0006566496857351519,-0.012911653150134953,-0.03150980886632851,-0.001093852519814753
2026-08-31,70.67226598350294,44.36161117893667,109.02036949412543,4.2588417521909445,319.6443214931259,159452.38813096177,1.3,0.0,-0.001093852519814753,0.007899841020731824,-0.0015043991033500959,-0.004180949991871685,0.000416419395790383,-0.04763242143587559,-0.04001678574901923,0.020395223692648123
2026-09-01,72.12844169561593,44.51097625799665,109.24792042087496,4.189453889188559,319.65440034933675,159462.59105556298,0.0,0.0,0.020395223692648123,0.0033613338826263828,0.002085057882455388,-0.06938786300238586,0.0004621248751484619,-0.03742949683466577,0.0024711143740466118,-0.008680890747505998
2026-09-02,71.5050124490772,44.284053003657526,109.0403106144147,4.19344841619117,319.63443427274234,159478.54436809488,0.8,0.2,-0.008680890747505998,-0.005111181340690774,-0.0019021627329500745,0.003994527002610937,0.0007469817182158482,-0.06199629750155145,0.01062048042532728,
